,error_id
0,S6uMifyskYe71rmA
1,RI5FDj18BxTVAtko
2,vtSBiNdlmen3VGhj
3,sYx3LkV0uRAJhfl6
4,zIdy408Okjp9EVPa
5,9WK6DBF40ae3gjAO
6,61MS7wkoEUGy85nl
7,SjDFCsmGW0wLK6th
8,qSDAx42vKY6yWdtI
9,Wxfujoz60ibdyKC2
10,E7Mc02G4tWYpynH1
11,Nnz6xdaHZ3MGcwUQ
12,hYAGwqaec7jikfEz
13,7bmUe25FIVqjPx0B
14,EyvSzO5VqGdYKloe
15,xcwPmAhvC1FOoDgB
16,H9n8Gi7smvpKByM0
17,uQ2nyiqUACMwhNKP
18,JcKL1hG78oUubj6w
19,5Yt9N3nFgIs127LD
20,fZX2ECG6HO7pjm0u
21,ujFbRVNGcYrWH2XU
22,Dlz0jUHYgeMaFApx
23,xRYn8qXzed3y6UG0
24,XmOM19rTa4ZbsE2U
25,JwBIzcYen2qxTbgj
26,SpbWqafoYXtnrTDh
27,RrNSHuPnYWE0yq62
28,5xWk0qB9SmKtdZHV
29,0WS4tvYVuJbD1edH
30,jK2rXsN3VfGL17oh
31,lknAo03vwJZRKXu7
32,2Bgyj547sfESFkCN
33,IoQrVUHeaYJfs5vg
34,qOPdSB9WTcLa3QEF
35,xyEVBuDj1GRPa3sK
36,H92qOEsjCUB7guz3
37,VEqthHbI6Qe4sUWA
38,CbQ9iuLhqAe3VW7B
39,3BH2XrapIiPJWOcS
40,CZY7W9GJlRHmFenB
41,zHtIsGeduyVN03CW
42,NdEw4TIhBZS9Ccv5
43,9Qg8yaKFUAXrjCwm
44,wWbR09SiFBYPtKgJ
45,HhB6dScYg3fyueD5
46,d6HbQpPRTi9Xry74
47,vPu7z6pjZQ8GJbMt
48,fEyMOQhqJi2ogdzp
49,MEerPUT4dGHjnbth
50,tHvSwF4AC7LxJQur
51,ZwJFbq8kMBK4njD9
52,TrMczUA3QhkRwt9v
53,apN1dUJqmlMRfvKb
54,SkOzqg19cNj8UICT
55,UZ21kYeWR4ay0KDz
56,l14O9ryecda03XJx
57,x06Dq4BemOIlFPzb
58,h8GI47uAKvCxmBkV
59,9fCVX2sYOJ0BLxw4
60,2l54PHIoCXyR6TNa
61,v1efCXaYblSu76zF
62,uSgTGyBa1D0pNCbq
63,1FZW6f3G5rkiusdV
64,Y9sWZRCKkolijBp4
65,KGa2WhqmJTUyFHp8
66,LqNhcfnBHgIevAQE
67,9xSTQv7RE3XfiyMr
68,o2bhSp6tgjAvQdHr
69,d648cjTOBy0rLmK9
70,t8HJnrxibB2F9Mfj
71,WhxXSe7aOoj0B26l
72,BAg4nErfPtN1uaZ9
73,jE3TKODLkZhlp7wm
74,tbuGfMhU2n9gjvDr
75,8waVOb5IteSlFQXm
76,m7nNiPqJuOfydKWC
77,3b5gp0FBnmVLQiyJ
78,MVF9Ce0rYXLBhnws
79,clhoIye6EC3vKVtn
80,Ki1wC7WNg43LGpqO
81,tVIgcJR2LWGfiPyT
82,7l85xsqFmbBHVNdk
83,eWMhwYvx96rlHuXT
84,N1X3U2F0kRLTfE7o
85,nfsRhZU14gq80Vdu
86,XbLsvw5qOipclGKJ
87,mp3P5W8NhaUGZLCD
88,DOFzKnrLhaT18soW
89,kPTwCexFUbKOr0gA
90,uVAO3DFaq7R4gCwM
91,AkQLVp3ElKbZfOvX
92,yMCc2rIELVFiGAaZ
93,70MVH9sZbC1QvOam
94,Uo3YI0E7bqTkFOAS
95,RvMmh67XIWUbL1wG
96,sOPXtYD3ohCfb59E
97,85QcWSuK9UEyO2JZ
98,TmKxSI7yrCL1VfH4
99,5PH1w6YvzL4AtJ0B
100,RS0JNQOv74b2qLZw
101,fyNkp3FV85qKQ1TW
102,N0DV1cqQlgtAzo7r
103,g2847yPoczJ5XBN1
104,YcNPACFfRZbhtg3D
105,XamoBAvul694QCdz
106,zdh0MiUDXwgBaTvA
107,ItOXcVW2FkHMD9hn
108,mvsnMa69WGbcitz3
109,vqRWd9KYwG1hVXDi
110,WOcQGPv7JxwrU35R
111,pfCWoK8nM1DUSYHR
112,2YrXtpzxwBFUfVNv
113,pgkjHoLfFZ87AYcO
114,AqnzQaxDTP01lgcS
115,rlnOtdskQ547Y9EP
116,JAxsHIKmqWirZD2f
117,tiGDZ8zdhB5usvUW
118,jTR8MnVxeWObFrK0
119,Igln7KpcOQsDqeaY
120,sBNdHYj9y6Fg573r
121,ulsaVIXx2mkUFgr9
122,x4Q5GB1KEI8jzHaF
123,VcogtBD3xIrznPha
124,mD7PEg56Br4oz8GV
125,SwODlnWgckeTxhrz
126,QEar6FAI8DvsLTqR
127,h2t3Ul0DrcjKonzJ
128,aqYwUZmdskzDeGnA
129,vszGJMh6pLaY2yVX
130,YPXucaw4FbiQq5kJ
131,o0kXSrYRNFnbTfIj
132,evZ8gHQfLozb49nu
133,4EYhipxFIWSgod75
134,UdTEqCKR2SX50i8L
135,mtf7lOGspXIZR180
136,w6bhSOYLuV8K3DIz
137,S02Xp6t1AOhH7srM
138,1PLghZEaBlDzbA9O
139,Bcr69TeIE10imjf4
140,Q0dsqhE3WVuwO8KP
141,9gQUlMPO5eDILiqX
142,u47VqnTP8cwKOaoi
143,YjvuWGAIVsacgQq2
144,HLI8U9YMTk3auywj
145,BdyxpUNC40mlrtLK
146,DHMQ6tz2PKBaq4mw
147,Sos5qcUMre9txalu
148,3G41l86fbDTPMtQX
149,oIadziDs2RhXOcYl
150,hZDqFQi3Y40ta6RP
151,kG4vT1K7gFl98zyS
152,sZ2n56JvmtbKLI8W
153,kVLd4MN8CqwJ9XPj
154,xCNXiHKc6b7Tpfu4
155,g6Ye1EtpGskP5hMm
156,ceQwTI9sXZFfzVr8
157,PMfqD641LzRhjQxY
158,lAgkVeaN8PmYqj2o
159,uzLKMsIH1mEZrxYT
160,eKOZCln0NvLdUqFB
161,fchmnwyGJu6DMxW1
162,kTqy843sp7z6Ljnh
163,FY9y1wHWNXivT8AS
164,Zqptr0g1HoJOQVvA
165,4L1mnE0bkxsru7oz
166,cznpe9ANGWsa27Jb
167,niSRGoy3LkFf8Z6C
168,KoPyuBYN5lZ3kVAw
169,PKACJVo7Ma8FTy40
170,sRmZwfPQHjcNWAk9
171,HRjBcPmDK8dE2phg
172,lLAVOS9xzgN2YHtp
173,SmnboQpc91A6arMG
174,7dqFbl1XYWmpIvGE
175,4Yv9UeXinJT7ucqO
176,mIRu5TKiNrcb0V6s
177,FQuwADmXSa2KdO5B
178,ph2MvVHA61L8DzeB
179,hOcrpMaNPEDuiV7W
180,z6xEmk4vuJXrlBR8
181,CDfGMhswYym6UvR7
182,2c7R9sYDpK0nWIao
183,2UwCFQW1dcZHBsTo
184,FMVlwN70LzqBQYhT
185,io0HPBKOIbJXNepD
186,4yGiEaXsCZtB20lg
187,fzmplg4qH3eORXQL
188,oX3jJL8NTCQeDuZY
189,2gTpxe0dZF1AnHUy
190,024rpACzRUDIcleT
191,ySJBCwI1LsmaOQVz
192,em7RvBJXwgTOSxhH
193,YjmiUtEAgdhDKMwk
194,Vt1cqeJYdQELo3zv
195,vVbwKLiE8hy0c4BC
196,aBdqIO7K1LVjrA3s
197,VxntQdGTSk8aENYq
198,aHzyrxtAq8TlbUOu
199,WPCTpAu3hL0MjBbv
200,fneR046JqZi8XmoK
201,GMvb3kL0eKaqnxRw
202,hu4VWOgY1G9BHyI2
203,KmafFG36CygRhU0q
204,iGRstgUYPjcqhSNb
205,o5h3na8AkpSzBUi7
206,Kt2kbmaIj7FzQeRl
207,2GWoT6Oj8dbF5QYU
208,w8keTf9AKvjnVzqm
209,AhznWXs9bOHvkdxY
210,7jHlUzMfgyb5wLhW
211,INoqAsG6hnLykuOF
212,XEWV51KYUamgCL7A
213,yDKi27ZkVaQ10oMr
214,yduXAQZwFLCmiNro
215,Ekx5DO04KdTLF2Wp
216,WzrqCR3FVj4gBQok
217,vUxNwgzYI4ufBy9Q
218,lm3IyCW7si8JKgqY
219,Q1JPYZM4DjpcgEh6
220,jU3SG7WVZTX6z42b
221,F2oJ7rEwi9sSkjVD
222,oLWunCU2PzK7V145
223,tyShUFs03R2moqVM
224,xO9HFWpXfzKMj7bD
225,UxTWlVcbOXzvwNAH
226,zuZg0De2La6OmRyd
227,bacGwMEkzf4IpyZ0
228,P3ISYD0U4q2gFb9E
229,hC4ZnETdp1sB2Wt0
230,G10RVecmgxfrJwqs
231,tuNRI5hq1eJaBDoC
232,2RliULktJcuAmy5q
233,covADxWzf7ePC0Z9
234,EFvVkIwGys4AcrmQ
235,0JTKaYjX6LucvzHF
236,tNYr6wsKCj12Bgq9
237,wR5S4eEqNH0iTpFs
238,CPxWdMuN6fyjKwoT
239,MtyrgInKpuDLXqw2
240,gMaP3qmJUDejhrZ6
241,q1gRz4ZaUyrVf0sm
242,wg6EGr1XHv9MUR7B
243,ZX3MSGE7io5DVfQk
244,wL8RxWD6UT9BCHmG
245,A9CYt0N41ybrQ7JZ
246,b6mzIaiyZNoF2w5P
247,8ABcijVdoP6flGme
248,29kzEtj1DIdKZBJV
249,tGwRQcvWySfneqK8
250,9Xxil5aReUqD2C4I
251,cjpJwar3AhvGb8ds
252,6RJpxzj54Vo2N8b1
253,ayN7OipKBcQIVeJM
254,fj0kLKwnpC5McUEg
255,12Qmf8IlETH6wMOb
256,HnpbkUX8agySiWNE
257,oBRgd8EmqWMi7vHr
258,mtTpQO2MN4vR03cP
259,A0rmCb27i6V1FO5Z
260,w7rduqFxIs1M5otX
261,Tfe0VdPYRvo2bu3A
262,jD9ExXGti7yq2Fks
263,TbYjfy6iBLRlevga
264,PA97Fb05rHS3Mdcl
265,CXRc0przY8WaM9q2
266,yHlcNKD5aAfIuteF
267,igYkudbCc1j49mZV
268,Oxl2yp1KBGeULD4i
269,9BQbTWnO56zEexmC
270,id9cO1msZrobYIjh
271,r1Vv2OZAWmSUywDb
272,cDytX8QH5VMpZOTi
273,WcBXGqsnEA93ktyS
274,yVuJq5TwcSkzUiQH
275,EO74JenYcy5s92St
276,2KY4PSuXxwCV3a89
277,5A3TfzsxmbMZ46Hc
278,C2KemY1j60UBJ7fi
279,RjUEDyfsJS8h7gNa
280,E4grnTJePX18zO7y
281,D2CXWsmnGztEPLH6
282,7C6vgy1rlz8iNmWt
283,muZflUez1RDorA0W
284,Kp50oc4aXMHWdGSz
285,Jt7a9Qfri0kW2HCD
286,KUv7EwD1I4NWHQbL
287,YkBbJeRzIlVcOL4o
288,xQl59CefOD7dWjb6
289,wbhsjIQWzgVa6ynE
290,3sxzU6IBqHwdkvW5
291,Ihm6r4BiNSXu1xPk
292,2i1Szgn49VCRkY5E
293,x8PH5lhpQE7cir2M
294,3zBhJXsGR9MdeD8O
295,JEDU9Bqs18aQWeZ7
296,HzoZMq3DUB4dnP5u
297,7xgNirPFekzj8wGq
298,TsRlCkaDK3JGwpBo
299,4naFvLdQkbVuwUsI
300,ekAdrY24zULXqisJ
301,cG2J8ObVC1InfmUE
302,hg8uc6LWrMN1Hzae
303,RdoFTQplA9xMBsXW
304,cYysEwr8mHnu93aS
305,GczPjeUdRgB46a1b
306,fltW6COqF3w9Lj4P
307,Wc2Fp3xewS7uMiAa
308,bp2luqV7oeaIhst9
309,X8xWlNVhEenHyt5s
310,HrYzOlpZi3K08LFc
311,Bpftq7ZTNGY4zSky
312,h1sd8I6Z9rCmMSxu
313,BmkyE6ac8O1bLSg0
314,MlPs6Uz5c2vpeRH1
315,75oAgJnXNEaDTR1P
316,SbX3dIrPeaGx1Ccp
317,pQykjPeRqEuBhOSr
318,QpUyGITxH4wq8o0m
319,MVAgqlLp8P7kNf6E
320,zmIguT8Lidvl1Afq
321,e06XxrADjRPlqziZ
322,aviwcR1ME2N9zg7G
323,UMmHQN9pqCOh3nEv
324,adw0WrqU84731DQV
325,o26yMZu4980QCnjv
326,xfkAJizuGd1E9bXS
327,9WD6YbmLMquj7V2G
328,KmSqPzvDfsjFugaY
329,XlnN5W4cAq9eoCrU
330,nWOTLzeoECDFIxp7
331,QxD3n1Bp4I6KMNvq
332,Y6xBTA5wjndQhPMN
333,jo7lkEGz0hueiDJB
334,gx7FIaSDu26wWkTZ
335,9lDGUrOjPfTLEi43
336,WDL3phqfvGs6NKBt
337,6YHxqMgvoyDENkC2
338,0X1Mm98R4ZcvdHqt
339,fh3LOz6ZsVReu07g
340,G6pbFRg4zTnZhi5Q
341,wvCbfzZB9W4IkUJ3
342,xL3CsWcVBig9zI5m
343,VNTzo7WbEFhjguJK
344,JrxH9ploGB0uS78A
345,WC1SAwP5Jm3idVo4
346,Cj9aLHilZsrXP5Bn
347,erjxHkQ6uAFV1NYp
348,29lQgrckRTsIUM8A
349,yrLCZE7OeYv5Gxhn
350,mB2sy6TJG3Lz9qt4
351,eKd0Hf2ygZxGWRDp
352,5G8cUfedRqEszTLh
353,q3ySn8G4RP0xvbJ9
354,nkS3oJ8uK6x0MYHO
355,NW95Q6BnFCjLYtRH
356,x89ek5qmlICt1Ko0
357,nK2jQ7U1Gbo3tl9W
358,5pxTtyg70RUcf2BN
359,Nda1LJ7fV3j46vgB
360,PEbSzo8g06nxFumh
361,k5CL0aKT148hvy3o
362,X1d9eDTrM7bu6fkw
363,MHIa9KG4OfSZXW1t
364,v0XNwIKMT5CzJEtO
365,FIQfeaBkTsqmVjJC
366,pTJbOvWd5uoEmMj1
367,xXuVOvY96kMehFI3
368,j4oK3PhHRp7GzTwq
369,VbiXDw3Kkp9fLuBn
370,yFYoHQXBmeuf6d3s
371,jt3Pal0vITAK1zkq
372,24jJVeNFWiPmosHy
373,2dYG4ubPBlFMghxs
374,GSEQFi9vzH8tYnIh
375,DosU8kl6FRa4qnTz
376,a6tHSPJRTU4GevM5
377,SYIN5FJCkr9TEH7g
378,T7YlOV9Rw40iFrGn
379,fzZ2iDkjNHsu1YPc
380,ul8DSQ4HCZhFfNV6
381,yu9e4B6W0k15CqgQ
382,H5kwIPOQT7vrnoVh
383,pGDOIQZla1K5tzbC
384,i53ZStvCHAbn72kf
385,wuRQzm0kOb5Yy2iv
386,JkmCZHGyqRMwFpfs
387,dbFA0VeHiE2yMalW
388,ukOL28TpMEihmGlF
389,miGYEJvIfw4Kr90R
390,FLg7Kryw0zpb2cSk
391,cVFhWJuCs8gZUTri
392,Icsy4J3bRziGeN9U
393,pqTtDaFusJGwehAj
394,qhQFBvXKU0CobA5f
395,3xAGZNXnhJjLOKwb
396,cNjAKV29Ro64PTUE
397,FUeDNGsPR9cz4mC6
398,XF3s4boPJeOcBIhp
399,Dz6dxho97a2g51Qm
400,6wWtydKnA9F8Ekhm
401,U1ifsFhG3kZ6cJOK
402,PzCRUv8Fab3LhZoK
403,L9gZqCvuQFXzUDT8
404,kzV68UqTCRItgPF5
405,4ZFRGfT3NlM8azUd
406,GNwKxQIgsJeFHS7j
407,TV3R0XIAsl82JDHO
408,dnJGqY0Rm3jT2pWQ
409,zMDjBVQ0FvkNuqwo
410,N5ZmQ0ynxgDlIM2B
411,P6tRb9ODQ7CpoxZf
412,ODMbiHyWAGx7RZVS
413,Gf9eTlEOyPd7HIQi
414,4PwWAkhl9efY8NyX
415,3FviEVL7XxG0cNdO
416,CiOpFdDvbPk0HfqA
417,0FGl1rzqxS4HEPQ3
418,wcy6gHLU0YkImuGK
419,0ylZaJnXcIu9qEO3
420,BXd2I0jPR75aOLqw
421,oO25vftsUnR6Fcle
422,zlkGoKLwAmCSu8MH
423,fE75NyMIdbY2VkmJ
424,SXL7id3H61z85yWm
425,hDsPalW2udYFk7bt
426,In0oxChVmYt2RBe1
427,JeMEha0GDSN5W17O
428,6xuH8wE1PO5m97BS
429,VFtLGT94oKf7kWhy
430,Ri2Vx7Yoa1PfE0vL
431,B4oLzmth8X9acRGV
432,0OU9sqNjkiIKBlJX
433,exohYsNZ1CwHaLIK
434,7lb6eV431oncHutN
435,PFZ2y4EOljsVk0ai
436,3jZga6KNHsnGROXz
437,VdDtx97oA8Mg0QRc
438,SPL04Aazx1Tl2uQW
439,IzmEZVjJA25S4bGT
440,OjgRMpQdaT9yC82h
441,7AZ8JGd1Wzwv5pKI
442,V1RpLXajiutgEsyU
443,5Dv8SGPdA10ogKpX
444,LR92Opv3ACVrdKEq
445,28zqpjEPRiX5eIU6
446,MND9ZXn0JsO7rVa5
447,LbYI5dzXwflQvxpO
448,VfJgLycFC3SW6BYj
449,ixozptT8MsucUyXe
450,dSGI19NFOXnreakZ
451,ViK2NYmOWJHIxcLC
452,yI7OYfQS2XRnGgjp
453,1ovaKQz87I2VDRWk
454,mw5Uz0QoJ8DKOTRd
455,vF0VJbgk1KyjXrZQ
456,EK4HCzfmvpOl1PGL
457,Vxlqu937cwXLyo8s
458,h23T7Xi4bn9eoQDj
459,S5lhEN96gCYKVQfT
460,H57ueTYAXhPFbgyq
461,T3ngXYaQ4GOSu2jb
462,6FocP2OqaVbztfWZ
463,hWxmieUKI4F6pwkl
464,mkDnuG14YFpewIvA
465,WykKZI7VMJ3RbCc4
466,Jej2WM8753T4hxvt
467,PLbMNEqQoprjw45h
468,UlBEN5Gob2DancJx
469,bE1ZJyqeORozDpdW
470,eNBOzDrWZ1CF5Jht
471,9SspnVc5uqgyrf67
472,bgEJXznrKPtpF2VG
473,hy7u9xco28MlGL4I
474,XAJljgwd6ukzPGhT
475,paAb5UVT9Nwdy3Kn
476,268rbydneJ3H9aQv
477,uFO6zhDtI7xsNWn3
478,WiBcSObr2sNRp9wG
479,xBl1pJsE9UDMAFLm
480,hDA2ZagbH64RuSJC
481,jI6mGxT7vsKSRzqb
482,TaBGexPrUhSItF3W
483,VlPeKfzxNYu1Zwvs
484,4wNrbMUByd9GWTea
485,C2sDLW5wZVv8PrGI
486,3vzk1mT9hw0H6bY2
487,WxV6CUrXPJ45YFGi
488,mdizLr28upT7bHGx
489,i0dhyQ84Sgc2u91M
490,Gu9WZTkYA37S1DIs
491,tRT9LBx0271V3zaX
492,BlCvFjumrHsoiOYw
493,6lKbJtSGdePhyHNq
494,L5y2fnWXqwcuvOrF
495,y1nzurIWigElCDA6
496,KjLdqw2YCnSOJc93
497,A5imR70u2KGj8qfn
498,WAps0q3HSgPdDiGe
499,QqLwHTnpreoD8RsU
500,xK6wI3FVa08pTJEq
501,pFvm35gQrZ7R06el
502,C3v1YTmxX5DNOWP8
503,vPRGJ8kliZAMxs51
504,IAqL1UJTB8Cd7ENy
505,8eOHFgy0Zi4xwGCY
506,b7BypSgdNWqliov4
507,htafpbs7LEY8T6ex
508,dAhat62jUpPOveBl
509,SBxzDOla3VWCLH09
510,qrU5upXmEfgHkiVJ
511,NYDK7k5BShFCu0y8
512,zinEUTMYRd48DNm2
513,ijAQ9CnN6UGflcxZ
514,APK2s4YqVvjaWD9h
515,JTH6ZIKNYghcf9uQ
516,veyKtDNr8wOLG5Wl
517,x6MkcsFPEtRrdX32
518,1nkuLXvFz3C9TPHE
519,D1HonI20v9k3qLFa
520,YCX0L8t1hlsSucKH
521,JDCunAH9myKerG5z
522,LYrsfSgRCutZ7MvT
523,zRhsWfiXgnVZSKl9
524,R3vl1PTbwKCSsd5c
525,WsNrowLvkmTcag9D
526,hW23MRaoJVfUl8Ad
527,GaN6YZtsv8WBDlAh
528,kbWOeH0CDu9snB8R
529,dvpKaxWqE41P0MBZ
530,1KS7xINfCplL3EYA
531,SqBVvfGeIgHACbui
532,SWxL7dT2t9RwJqp3
533,AwIX17aRuxsN2YJd
534,BiF34dg2pauCKwth
535,A8Ddq9BHK75fJCsX
536,6t0JK9du3CxaDfjW
537,VFBmblnpiq7NyRzQ
538,vOo3m12S5dtiFbaq
539,p5EBZKtN7Odv4zkS
540,qzsRadx9O0ZYwguy
541,tldLKVcE2Z9nmx8I
542,2puoSkb6WMCeHDtT
543,0cz91UE3DkJNQ28i
544,2himqQkxe9vKtBrU
545,kUz3EwQeOVIHgNjf
546,ZIjb7JYcBF6EdsNT
547,l8jQWIg0U3ZLJaEf
548,UTiNZRBySg13cnaV
549,3MpqYys59hFfQrol
550,L4lkGaDKJcZqVwbC
551,AzaCZpEMvTPNB0WD
552,ZavGQrsTXH3b9Lqw
553,pNmR4Vdn6UlGSexF
554,U1dKaJ76tPeSs4hy
555,nkWyq9UAReQHNs32
556,sd2M3Eqkcex9IVZu
557,NRJkM4AUs8DfrTxF
558,fT6IEHFBYUGzu9a2
559,8YpTHtNG2UsB1aJ5
560,Q3Vh1ueIinzDvgPa
561,5DGJBguykpnUaKsw
562,betC8jXGi1gONHDn
563,jVT95GRKCnz3mcIH
564,ufPA2sldM0rLN8C4
565,hX8GSMRlO6xN7Bmn
566,fj5ilZTgEhNWS0PY
567,1xRAdybInYjf2ViE
568,CX2xHfwQJ1Y8uMki
569,F3yVdUWHJ8XQfgpC
570,Ze7wnFJpN1b84rdA
571,1JjBqrI4V7Fy3bXN
572,vqFI4rBY0ePCxmUs
573,TPDAkmzOaNsdMjUw
574,g8rUbi92CqnhyAGl
575,JQv5Xj7KCyacAWb0
576,83OVE9LIps6ukwz4
577,53NIaDOc0Gn1MEJj
578,a0mJnH6UGQhPeKbO
579,h21BOXz6WMqInb9k
580,ZKA821dX3cal4gPb
581,7CLcaeuXh8W0Gn6v
582,DzqHAElnw87VCRTx
583,f1KDEQhjMRPxcean
584,KRS7kNEJsBqgI2eT
585,8jLElTVuF5HzOphr
586,rb0dQNPCH19DYiJs
587,Nrw4zMylo9HS5n8F
588,J63msTq8IbX2CAdp
589,hfI0JZ8izpklu7e9
590,R9fkQAJec60roLSX
591,TriH8JNp2wx0Svok
592,bSnOCakZ4dh2oeF9
593,8uNUGK1906eHhTj3
594,AlTBKDr86Vsbof4d
595,J2mURwHv7qLzyFbd
596,pB6TJMnjGyYwVbzl
597,ekWO7UQPhbtom6Ja
598,WY2zhKRNMBi4tjGp
599,NworduESkhmq4QB7
600,0tszLdi3YBjQ1ZKu
601,yqh1v5fBVpoueXY3
602,JkvY69zgrKhptecO
603,UbjXTz4Es3gxl1AV
604,3c7wniZsr6BpWmYd
605,qfmLYB0g4UVnctHd
606,W4x1myw3XAiKNbQY
607,nOIhk6Ao3JjrwMpa
608,ohP8Rafz7iYFL1Z0
609,7Qzcq24jPJDxwkGa
610,XrZAifxKdnVDhbWl
611,ktwmOelPNzGhBFjb
612,q40RiHpmVUogEDFM
613,hsc72wvz3UGFITeC
614,lNXtUhBMWb7Qk06s
615,uZfYwAXVCR6PgKLE
616,VDTWO2PkbaQFql7i
617,PskWQnCeSBKYmGro
618,Jp3jvzFN1xHaP8u0
619,V9A60HLlywbTKDPY
620,Cu5Mi0aDSz7d8Fmo
621,ZEqtIYGOovul3gdC
622,EUg9J63Yk5hFbmR2
623,6eS7lU2HxEAW1GLV
624,R9JMoCQVSNsfHDhk
625,7Zi3bKjQXNcuJAGs
626,eA3jnCt9Di1UouX4
627,165LF3UgOzn2JoVB
628,erhJ3657bfpXwzsx
629,tXJBlxvjVF07Qy45
630,JqI0hauyBWmfsiwS
631,xT1brK0tgRuH84IG
632,My1TgWiraUOQtwFB
633,6MhZsVau9LFISbHP
634,JwjGcUMYLvIxAfOe
635,Xei8Pbys2u1IqYRh
636,fH5Xb8uKdlW2tMpY
637,9Nfb4UxmsaE12eZF
638,gabG8pr6BKWRvMnS
639,Rl8ZxPCYd2itfhcV
640,TMuh8SiDmNws7kXG
641,EKBSrmI1AG3ydNvP
642,rbsLiAa5hNozCDwm
643,RT17ScybeDZUPnxq
644,EyCeU28GigltqpJD
645,whUZ68WdoK0VSGcq
646,nWE6RDQBHMk3imTe
647,oWjpGuzwKvtTRxyX
648,1pYHyenZQaTSldJj
649,6VUdopST0IahAtwe
650,sXg4orjIOnqwA7vS
651,XSIFiND6Vmjt4nZO
652,yDV5juJ0sQMfWrbN
653,IAyckhSvH1Y2TPdB
654,JnTYEwi7fsxcvoZ9
655,QlRZp80kmSFeIAKg
656,YKLtkb06fj4Xnc5N
657,hy7bUTzc8fGX01Fv
658,IqeZVnMzkCL0Wx1T
659,QgqOCUsr4xjn6It8
660,nWpF0TgCZ48zxdet
661,7LOlgt6YPRshbByj
662,t4Bs7DWeZwou30ql
663,NpVSUHBMgWnsDLGX
664,dIgur4Q8NaB3PiZG
665,VkGX0DrmcCbIfgnB
666,AdEzTurJhBRWvcp9
667,MvuFZNogpyKSXhOe
668,k4GW6ruiHTSU18wt
669,6DWAuoOjPSXfZCTa
670,CnkHIWjs9eF3la0t
671,eMnisVq0j1zyhTk5
672,1wE4MFomsgJ2hd96
673,Qdr8ezUOcJDEtS90
674,7ZCifXH9m061IPqw
675,wKOARP2yeb0nExom
676,0H9QzG7TMPR8JFOv
677,rZpm0N2EFky7QT81
678,0nJzdjAmO29aekMP
679,W5VDhx7KMcHIu3Nk
680,GmFDAUNY8X4s7Wg3
681,Grq6esm9xS7IZ0y4
682,8s4NZGiKz5mhLkIF
683,jJrNtd6HhSRYIFbT
684,cGNB2LbYQJas6w1k
685,4nTEQigLAcI2wdNK
686,3IHLoYRl7qNwxEQg
687,ZmiXsgVuzp547jxa
688,3GyqDb4AtPj9QFud
689,tdl12MCGkrDeFs5Y
690,7lUSVr1gteLIR0dp
691,iu7rGh8WKI3MHxnN
692,slCYzMH7B98FmiVP
693,7H5Z9ouE0w1hxriW
694,O9zrBf1YgJXPoLsa
695,UtJa1LWwnVpgxNk5
696,mZyABunTJE47Y9ls
697,Bnr9wZcHSdsfmYue
698,4px3KUqcGQjPrRmL
699,bwHUZPj9BtFxv8mn
700,thfMPqjnNeOa5rGV
701,kpSNfiQs39qWaT4J
702,gPoql73Etm4X6IkD
703,l7YPLDavJe0Kotfc
704,vPM3mHsVlhdDfpuX
705,z4r7BHVykebx1cP6
706,JmzhXTlRCbxNid60
707,k6uZlQ8TnS0j4q27
708,hxBMjI8XekJCduo2
709,BeLJH6bQ5a8kYfZO
710,dmPNfEtk73AB6ezH
711,F2tIXDHGRp98aQoj
712,3AYS1ZHNr9g2QvKs
713,w9CDULt8BXPslgAb
714,rtZnD6AHSRNyMq4J
715,3sZhoWix5l7yKde6
716,R6hQIlx45fpokYcn
717,d9KhXlsZMqpkN5Ac
718,DNHAUtC8Xnx59pej
719,krRKm29GJjNE0TIQ
720,9WbTcD4VN3Xkd6JG
721,R7xCglezbtQimpXM
722,FzdoTXsD19SWx6mn
723,Mm3lftP91TUCWga7
724,y9scvApze2Vo4KgC
725,FntIp8Af6uejdgUY
726,fDMhCWX8ATxVZbSc
727,K6Y1xtpy9EQrqN58
728,48ZWs6oTRwKAVube
729,kPpUQAKyvY1j2JlE
730,ceJEvkGolYg4wSXQ
731,dASzpiyEYCROhtMk
732,CFfP7BugZDdwpQ1I
733,67IXEWGULAFlgfYi
734,ZNRoicsDldxbUOX3
735,3kY7X8jgqU0DrBxt
736,MWmIfB3uOEzsnhU8
737,HiNAPrh7d0tJWT6Q
738,DIvdsypACJn1f04m
739,f2zesi17tXOojqN4
740,u0yXtdLfTxhZo9On
741,peTyQwCD24mFj8GI
742,5i8NHlLGkgnP4djE
743,SgslnWxPuNRpLqyt
744,eWchJsKUqmkP4TjD
745,jNGtn7awLIsorMBq
746,qermlBLp5ijyNRVu
747,X9IlKqza8V3tvks5
748,PlDIfe3GnQroFzBY
749,mOgaFJ4s5qv2kTjt
750,bLIwca7YPj9ky1rT
751,dHQvUjcX8iyOgWaA
752,E9kL6HNhBPtd2pv8
753,9GdyJbecopNPVRxD
754,7xopcVzTb8DuFKm5
755,lh8bvkLYAO9jxHJ5
756,gXHD6tYI1QsukBzS
757,g4Q0pJZ3TLPIaGev
758,KHVMcx5qOYgAuDG2
759,2OsBxewQmodPGEqn
760,pMxURnAOr4Vk6Bvg
761,F5SsIJfwb7OgeZ8j
762,ydkCcxBj2R0ANDrE
763,4MJPLyq3Thd2ovKe
764,vZY3kObnzFq0Gy9M
765,VPp48Wj60GRJkaAB
766,3p4y6OLgTzv9GD5a
767,fJPwkvQOVzGLW7hg
768,IZOxNbAhXr0aDGRU
769,jONRpV86lPutWdZ3
770,iaNWMDt9yL6zQZTv
771,h9wCz268oAVXZJRp
772,F6sYX8OdANxt1CfR
773,jLC1qPrBRN278vWX
774,mWuL0Arq9HpEit4X
775,fWN6RcopMxQmnh3O
776,F2X9OSsqjCIEGvRK
777,abLZT4Sj2vl8i1r0
778,3I89hYaJTdEp4rez
779,nyiaC8X5xDrY0qbz
780,DJvHBATNU4SqfEKx
781,PwEZ4O8GW6m1pIkz
782,KglQt4BRv7nZ0u26
783,tS3NX87oq5BPajAz
784,jkLYBZdWecgna47X
785,VEF2OqSmUgezh0GL
786,5vezhKqAoOlRHd9w
787,aINgPH7CJXzV1UT9
788,yZreX0KztgI6RVak
789,zG8NUn4yIkbQKH1r
790,icuVBol1Z2qkaH4f
791,7RP9JzfNgFiQ5hrd
792,SRYTtG0vgEJ4l18h
793,2qPTlC5cSBwe7n9G
794,D7afKF5Lxnu9Ctjp
795,uKCb4dWMh0TjsveF
796,SAoXYULqZKzhxi10
797,EwbHI0p5D7OJuiM3
798,Hg4WfFJu9O1KXs6D
799,WsqgxJFdmOjQ53ar
800,9WQxo2evjPUrpOb5
801,qOXm6w8HFj3MLf1R
802,sp1qNtCg6Kj5nvfe
803,RoOhsaAGHN6JEq2C
804,AbVExk36OpCJSmry
805,Hrsomn3z1Mi98EcF
806,7ToeB0CNIZRlOD56
807,3gt0LNB7IeHmRrYM
808,H8PLl1V7QgdS3XsN
809,T4eJpMw0A6fI9bP7
810,x4hCoVDRK6z1kyq3
811,f6a1CJ0XntS4LD5e
812,tqKo9FkCOcZIvpBW
813,0sftKWuwdjOmeI6N
814,Yb7RuJDje4AWMlrk
815,TckPyEzedG07CU4l
816,icyveut4Y12bA356
817,5kfmHR9cjtXsKVCS
818,SOQ3TMghdulWtZUK
819,TMh8gIBmvOi04DZo
820,24CUtZOrETFjeV86
821,adk8KPBxAbZF9Lzm
822,ywC5s6bhAGYNnJxg
823,z2mgrNEn9qfbxSHa
824,c1hANgPZ8fHQ5jEl
825,NrEPLuV9hIsW7a3g
826,nkuMg5aIvy7TARef
827,CTuQJMBKPmXEj2dh
828,poCBAR38XGuJwdME
829,bDTMagLORoPS3m40
830,Edk4q0AviM1YSNPo
831,dK8iWVcbO7ELnQuX
832,GSbghOywj3xTRzq1
833,sjnouQAXCyVF59a4
834,bXqZKAupl341gjEd
835,VePXYwHZQf5zRMo1
836,YLNoPektZnd8H5bl
837,v2h5QZ6jkmVpGFL1
838,kxaBXiKblAgwcEOz
839,2o6rRDe0ihFZk4ap
840,4koWKdtNuplaQvBI
841,kPOhGKF8oTgZ21Li
842,7kahdq0TJ6ZEY3Hi
843,yrE5XPCqNx9QpaYB
844,7d1D42IaXjmsJinO
845,rXVoptZqYGSviTxs
846,iSoXx3bpJA1E6kHQ
847,dSy5czoYBmTfFUGH
848,UJvRsekZC0pQ4MKi
849,wMOrg9J7tKn3hIiT
850,m0GY4quh8etnRvy6
851,hcegbpxOivmd7SBa
852,AeYaTu0x3mojNybC
853,nBa5FymNtKxodHET
854,9PSa5Qqk7mcUjysT
855,5tTlRLGsg9PUB0cW
856,WT7B8Fg6qDo9Xa1r
857,SUrNhQD7nvptyF4s
858,ZrjwIRsdGNHktl28
859,pSdXVNIeuTkvjygJ
860,WqKJwFCOEI7hctsm
861,IiDnx5MaGQLoNO0F
862,ItdHNkqani4mFSUZ
863,aThGqPZcif7bU5tz
864,jCuSdhDi8Gx2KbyA
865,tMjSKiyE87HTQ3V4
866,OJNX3W82GnCTkpLo
867,Mmdu1H4SFWJKNjZb
868,UNeRYK50hgowvcMk
869,kwNRyUV14s3ECc7u
870,T9oavHjxAZCfpYeJ
871,IX2Qawr6zWh48L7J
872,CMf6kIDJ0pRvqFHZ
873,FrbuHm8aBvSNZW2O
874,BUyZbfn5GwDWHMxu
875,cAGSeTUMsWK6j2Ct
876,FkQ2DWCbfSH8VBNI
877,STkcf7dVaPQxWv1t
878,i15tuSnPbZTRzWev
879,wyUz63A7k2CfD5B9
880,TPVs9zogB0bH6jWI
881,bq3K4WfQY89N7ipd
882,3Zs9WrdBKaqbiPl0
883,oZ3pk7qfJQ9SxLtu
884,oY0W1POz3wMadT4C
885,oTi5L8AtW7HrbeXx
886,5VkdR8hN2O1QHi4x
887,LWehjqUckQuXodiB
888,A8L0MQf9nNxHI7FV
889,Se3Uc4OmVusyIZpj
890,mCr9kA3B4ohQpwM0
891,F4pXE9T3VSvmRMIb
892,la7hXb8wiRrzdTLY
893,B0rsZcF3z7KlnHbQ
894,YSDnxmvfJ6CF9zLN
895,GHVRdwq2Y6JIWlb9
896,x56gnTdpyqlhEwZR
897,GN103kWXiolp4fjB
898,QgFUmXY7hVcBsMJZ
899,UibW789LxASrB0zd
900,QjuztaLoWMsqdBOl
901,7uHiPwEgVL90bmD8
902,k5Cd4NGfnXPw7zjT
903,xdIlOwrqZe9nvjHV
904,B874g652tvcIaZ1G
905,VRyejOKzwqAxtQ0N
906,XVGJcSbeKLz5mqC1
907,BmjSlhPCapIc16g9
908,QiWRN1Hl8wjgtunr
909,q6w53iWnQECXtMHF
910,UhV1LbZQ4BTcA9WX
911,OTJyV0CZbzpvRDuF
912,xQw458MdgiCkFeXq
913,IMW2KfLxDOa4ytBC
914,W5SIoFKPmCOBygf6
915,oaYNfTdkAZlu1z52
916,uHshG68WyvCQjVaM
917,gA1Yxejf0bmQsipz
918,Z9fhcs8DXPNnuqYy
919,ZcvLstuXIqPlbDGa
920,reC0gWRmoXYNps85
921,AVZmtzeo4PXd9vrD
922,p3PThHNcmr0Z9Asz
923,4vqLZ1RSelY2UKFg
924,qvWoafeZD3BP9txw
925,4yuoASZEFOzafQWc
926,q4vgfWsXIRdSFrMG
927,BpRX3mK76h1cgGnw
928,gjmNW65aVLkQ24df
929,DjAYkrSJ7f9W8s5F
930,p1Xb4Jsr3kRch6Ue
931,ZvUtedkKjrC08SxL
932,rfen53QdN8c4jI2h
933,gAzZioRMlkQu0621
934,yTirtsbZ2wAuxB7v
935,ptXQA0uBlOzsHTf8
936,zQ1M2klm58XyATOS
937,wXupCJODT64s1mY0
938,3xQ7ztKXLCZ9y0oi
939,tTSekYr5gJHvscPW
940,UBHSKJe52fvMndR1
941,Ql3fup5hoKUM2zF8
942,NFXPsQdT3LmfyWZw
943,hsompzCGW0F82elr
944,zvA8ZsThCLREeDix
945,SqcxnE9dr145VeHm
946,CtAdGMJlrHyo01iv
947,B9eut1ZKPNFlnpXE
948,28YJbyCd5ivgH4hf
949,snCIwMzZ8ilYgLkU
950,p5zZqxHcC4v2refU
951,si8jdJa5xUoXDVuM
952,8QxCj6USenqDN4wa
953,IqRl6F9nZkBrgjdP
954,zVgR6MoLrqTwaAP2
955,P0wQvoiEL4gDaFq6
956,Ez6q3XOKQPa1SpyU
957,8LK2pqPdfS9Wl4Gg
958,sTxJNuLcBDCO0W4g
959,mJ0yFZ9Kt3jupolh
960,NABEm59Fa23j0ukU
961,EVPvDKUxwYfJC69b
962,EXNKIWBr0jUFVHhn
963,2IXHqTJCh17nREGP
964,JBxUkSblqZnLgKIr
965,qIuMoYjXJ6HUpxRD
966,KLk3tvi6zB7r94U5
967,RJlIoiBT8jYyq24x
968,HIPiux9KlBMw2JXv
969,gkxeXYV16UcHot0S
970,79WXPkjrJGgeK0Uf
971,fW2jUZdRirJg89la
972,ZzAnlmw7bLQ3Bq1j
973,LgGwWCv6KkQDYld5
974,fWS3bKkyDRenX1zi
975,xtCqYrwf7Q62zuKs
976,UbAEdL9QBDPIiyY6
977,8Z4GgWX9M3juaihL
978,2ErLwM9KWAbgXkUP
979,1YaWJdn5oLj6bSxg
980,fleXzRko41wcBTmv
981,lb4hg0LtQmcnOq5P
982,7CyNZiz62tDQAwBs
983,14fM9q5ZmsQgUOb3
984,PTG5UhIKRNSg1k9z
985,CKGDhnfbrM8YUjyX
986,V7dpBxevWqNKIuOQ
987,95dDjufchRxgrFzn
988,71WheCBjGSKd9voT
989,rzbC1c9K62IufGqX
990,62e5WE4GDbcpVLZv
991,V0XpRhb2qNGsw6yH
992,MwjWkQ7tA5EaV1Hd
993,lZenDFBoxvfE4m0w
994,IdpwGP7E25ts9ef4
995,IxJvbklytrSid4K3
996,RvJF0sHmUhjApdln
997,g7GDXjkQ5xHMpKJ9
998,Ta2hPzuUeyf0iR5w
999,PJw15O3an8K0rHBb
1000,DwZSoIh6CQRm5BA1
1001,AD4zvJpKN50UjZTi
1002,o1L6VMITBdCAzr4g
1003,tlVvzc0M5ekSCKmU
1004,PYbHN5aGrRefOAns
1005,L8QuMf5vdXOkNZ2J
1006,nK9JyBpkg7Ce5MUf
1007,lcB3zv56eUTCEAkD
1008,vnLA1mODCBPorN2V
1009,VTjMf0PXGCe59gd2
1010,M9AGTZOLtWNcJlS5
1011,pUrZ0vNGCFyHwXfa
1012,q6hc10VTkBPv8zFb
1013,mygq4IJCGZMHUe0v
1014,0KwAfn96VEXrL2uv
1015,LJrYBw8TvAKdMbcX
1016,wVTeOmf9q1zCpWBU
1017,WYNsOhG0B3e9CnXF
1018,kJR9pY4mCTUPbfHc
1019,9rfHY6A3Va8UQj0P
1020,wR8uLd2coEqXWkUG
1021,L1yreJ2qMiAwIxzf
1022,NDcsF4IRyoLt8lib
1023,mvDhCewpYOSJrxQj
1024,wjfhpWboNcvlZAGF
1025,vjWdC9F5onsLfpP0
1026,EUSHZ2O9ngWNmfpd
1027,jJ847UpAXl2PhCKb
1028,U2hanFYEdNKkt8C9
1029,Rs4ZWw1rhlezBmyb
1030,FmRCB0cYLGTSxp5H
1031,WdkwT2qpLeZaDOnE
1032,HQTY9lqnap5Rjk0Z
1033,4928x16H0kpMGRrS
1034,FLgK9WfaXmn680ZU
1035,OJwo8zMX6PlZeSGV
1036,IfXLaOScQ4MwPdrV
1037,L5cXCIlq7z2DhyW4
1038,pfjndrhZKsS2vek9
1039,RVPTZQaeDhycEjGx
1040,CS0s9KMFU16ahrwN
1041,4Fca2t37BDiypxnL
1042,V1tRopK2bjunrXLi
1043,lsX4DuBkAgFmtxn2
1044,2KnlqsEBIaFN7c93
1045,mNKcIWyZwFAVL9gl
1046,o9Zk7OMDrIP8STEB
1047,ICSa73lqGExN0iWd
1048,kvyiEMaBh1UwPgQz
1049,oafwZUckRGFNme82
1050,PYbgIHsX4qhTScWt
1051,8t62oqEDfjw9xYBX
1052,BYhijALPcqQpS20M
1053,JSMsibhWOUdNVxzR
1054,9ZBgAtuG42P38qko
1055,e4AJuUBiVyxghLl6
1056,FN156db82CsZqkc9
1057,cP6Mk83RCBGASJiE
1058,j9HIRPtVCLy7Ocxo
1059,NY7cw34bqlfQBgaA
1060,4JHT73gFY6o8bxpW
1061,9xHS0PDT76wa2YEk
1062,kizG6Hw2LTtn8oID
1063,cEDQU2dBnJph9g6v
1064,yYVJNlCBiXov8b4R
1065,ES5vjadWOg8fYMul
1066,pKisX1AHSNyYoF0C
1067,8NCV4GMF3UbLzwBS
1068,FnVcI5MJyzNvC390
1069,OovmfTuYa0yW9pQL
1070,Qej4lvhOIwbVBRP6
1071,QfUSeFMlDhB1Hjyk
1072,QsIyHtoPXVSDJCYu
1073,I5Zaf2QnJ70ewStu
1074,aJvPL24bQVRqC5Xo
1075,HUIMlTdnr3WG6jaw
1076,b4PoCFhLdWia6UK1
1077,zRfvAC2exdSMJQ4w
1078,R69BDL2mlesZKGpf
1079,d3ionAJlyUSCqjIQ
1080,9W8ZjUQ7HALz0Bw6
1081,Fb7tgPxikfc41YeZ
1082,1VlSiC382ydKpIOG
1083,CwAu6JW7Rp5XtLFT
1084,TY7EWJHaK4RlxnFM
1085,B7q3xsPoMpfiSCra
1086,O6E13lRvgktcQ8eA
1087,v18WueZtOMEKcrTo
1088,N29pegdPKV0TLBfE
1089,sHtxMVNuzkqnh27a
1090,Js1iuedZYVhXpHRw
1091,7rl5jz8FD3gXp2Pn
1092,6trqD5AFxLpmUkJl
1093,i0GYopvxKm2fJVSa
1094,jE28AwenOpJyLd4B
1095,NjdIJQq802FnrBge
1096,bRB7546cODC1jrWf
1097,yC8gxcwUNRMl5Lju
1098,dImiSeODWaUxRThj
1099,J2uSjL1mvKNTHO6o
1100,DY9TkBHbmcOG1Xud
1101,ibe9NMsZHqv0cdt1
1102,YhoN0Jq7Sd25lya1
1103,EjsyR8eCFDvKqtiw
1104,mJGzaUHRhDk2BcNT
1105,yDbxGvZPlmuI3Ef9
1106,2BGnqMkobhPIy5wX
1107,5lW9VuYeND0PkOIs
1108,PUVh8emSluOHw7j1
1109,FVKG6aNbqW2mgD9l
1110,bMWiTEAZevLCJB9t
1111,CdobcuHv2A6y0Uas
1112,okWeSNYOtwVj3XvL
1113,wYbVLcAyBlt3X9Zi
1114,Q6CdhmrNBE7p5sje
1115,mENbHLVJznUqch5G
1116,aVCT5RpPinQAgfzY
1117,y4EompcCaBfV3nTG
1118,PEsRH57qkFOQyr9c
1119,Syd6B4zf8iMrVNKo
1120,kxKsLJtc3TYIyb1P
1121,Z9AvNzD3PJTj5Esn
1122,LzqHe3cMdEuSoNjr
1123,U1mLjDhftQCNoSi5
1124,izy8n9w4dWFOgeAP
1125,byHUE3seYiDw1JPW
1126,CtpL2vuPJ35iVE9k
1127,8VLIF1oabdRqivyQ
1128,o3QAgHX640q8MZxe
1129,z27tYQbrhC961cVK
1130,Fe05NLsKwMVIThAp
1131,PDrb7z4MOJcQ956U
1132,IYh9WKo01jt2cQVH
1133,NTfWcsivyz2O1XuU
1134,ptUX4ajES9ZkTVy7
1135,rC35z0S24wKA9jlI
1136,lxuQLpHbVP9g2oft
1137,PYKjMmza7W4sUBXp
1138,kNY36awvfyMcb87K
1139,wn0DtJS19edviKub
1140,nBwqDrHCI0GUa1NS
1141,PpxOkX36soFDbL4J
1142,REVPKbImwrUy3haB
1143,sAG4nmy3aLqkRUVu
1144,po8kOvZQSFGEnfti
1145,fRGk3JrUPXTei7mF
1146,OSfyFsaVw0Aq54PH
1147,4WlBgYT5txScCGoz
1148,kNAe06hTEVYmdjtG
1149,fjtQdUzMswZ7RiWK
1150,xLYsmdy8uC0kTjMI
1151,CtvIRfi0Dzeh5B9l
1152,fDPy1oub9JnMd0wl
1153,UVbwIQejFE5iT8p3
1154,dsCKR7j5amiO6GFq
1155,SWXJK9nN16LvC3dc
1156,ne9HhDitXs7AVZ3r
1157,ZHMt9OI0cNwaDQ1V
1158,PkC4Tcgt6RE72sjz
1159,CGo9mfLvUhZMksr3
1160,1qsGmIr3zR6h4SCp
1161,Iy8MGat97RKPgijS
1162,x8gZPaewqERkI439
1163,wUVcO4Tk8nxvZfeN
1164,XiKGtMSgVd2De6xb
1165,6bT7zqmZ3nsaY9g0
1166,AxLzT3i0vstUBEFw
1167,Rl7s8WnAtcLdfiwK
1168,clBHJT9siWkGSmno
1169,JWnhpqfTHA0PUBIF
1170,CbQqjedH3TfGVP0z
1171,5HmidZ7afBX043TN
1172,p25eRomSECaqxcIG
1173,gKqPVR52owFOWate
1174,5AoaIZMCLn0Wt3NF
1175,DtHosKfdibYThWzp
1176,1Ij9BSipfD2HCYed
1177,Ax02aLHgXMIbY86r
1178,eo1qjLAFiGxu7MYp
1179,x8PrqXvDZ4YWU13Q
1180,Ttizjl0n1SCPWXEH
1181,cUv9X4kioJybIwjf
1182,jDtS8hMbNkZCfzKo
1183,jBYdgOe3E1PrTXM2
1184,so8F7uHQNdtWY9Ip
1185,279cp4ZBXb1kifuD
1186,8WYkBI0oDgjSXnZG
1187,Ix82wBWUzXGuL7fT
1188,VPbBJ3o2ySQk0vgl
1189,6jO1JEBmz7As8xcq
1190,E8IzNtyP2vWAm3sZ
1191,H1XnyhaxGFts3BK9
1192,ZWyOFuaRfq7AS3is
1193,DGjeCWJ8n0yaILcT
1194,t8QSyYJpgiUbHlPs
1195,a23mJVBUEWvPRpkr
1196,3MCjmaByduvsKqeb
1197,gQnjuTBsDoGqI4FU
1198,86tzV3mNxn1bIRAy
1199,WuU7J0dAHqGtLlbg
1200,10BeyhoGQjkS7NzD
1201,SINg1FriYTpWoJt2
1202,Adv4ZzwirUVFPby3
1203,YfNt209hn8Dba7er
1204,Kakh7dlEON4mY9pn
1205,ejDJdFLOlv8qrRbG
1206,oVykUBXDYFMKJGzC
1207,hMDoX8auysm9vCtN
1208,f0VFC71GrRatzjLW
1209,jREzwVaZyCsBGHm9
1210,FopucYfA5lsdgzQb
1211,PHZN9doscJDKTMti
1212,oqAN0axPmIr4kuLv
1213,reSstdfLM2PQiyam
1214,dcaSlLQqrR52xh8B
1215,Okm7bJBl6t84WMnQ
1216,yjcDvpiZMrTuGm4A
1217,MX2Z5A0NBKoDlg3u
1218,km4dAM9R5sh30Ev8
1219,aNqPT2hRHVxXM1wQ
1220,5OKHpFMhfQ6Sla17
1221,cvUq3mdpWSwGJD1B
1222,rn5wDTeG4UOXsJot
1223,39FtkRMsSfVoQKTA
1224,D7HMcQz4IPnayYKU
1225,o0LDRi4yVA5pcWrQ
1226,S4IE5Zok1rBfFtsW
1227,7PZ6OhgEJ80MGm1F
1228,DCaLbmhUfqFcoeji
1229,6MlTrEUt72IiVdvH
1230,geuYoZyS0JltbDpQ
1231,gyCQtGL8caAIdYqv
1232,KLZFzesCNiBQ4237
1233,9UF5zW0l6cuNXsZo
1234,oImeCd9W2TDZtvVN
1235,j9lFNrb8gOQ5Z4uv
1236,v2ewTdAaGYkgh7xs
1237,jnPzOcACviMYm4JB
1238,4XnoklYf1QSchHau
1239,tFXIl0af8r2MngYN
1240,mpSTMJuXK210HlIO
1241,FPBTW8452h6rs9kg
1242,vrwMjRcEDil82t17
1243,oGqYkgXWiVb1asce
1244,DJXmBNTgpK98zROY
1245,GFbaJmzAOgrZCUoP
1246,pb1hn8VqImceBE9T
1247,h85XJb0IZNvOdKop
1248,POLpWmrvn6XgUDEj
1249,lTyoZjnHS4se6pM9
1250,k84hLZ9atSDgWury
1251,BhiyFeYVScDItWm2
1252,HeocDmkp40Z1v5Nz
1253,r8gI4kbywQKBexu5
1254,8p4Dash0tSv9VJyw
1255,UrbeQ15NIjRTtSK9
1256,gtOZSsVXAjo2aNHk
1257,uVlZdsvwD13C2xBY
1258,C8Uaust07BMirPxj
1259,NaPuiF4ZtL6pSQOc
1260,Avlz32mYbIgHaqXd
1261,e3SEFj7X8rq1k0fs
1262,EpVwRM5v6ae7buNI
1263,DBT5MXNP3H4vSCK7
1264,Jeb2X0CgVjsH7pum
1265,5WVgq3cNn01ZKzQx
1266,iyfVqYISoN7LzQ6D
1267,incGg1SjeC9vbYP4
1268,ECSfWaI6R1ZkXcMz
1269,TAFtv6mK3zHDM0Cq
1270,9CEvk6iGMR82dQ4l
1271,kbfShe3TZCPXdBIl
1272,5pVxFOonayLGTWrP
1273,IePmxosBOufzWyRb
1274,4DJf5yWF6mVzk7OS
1275,djsgyEk10r2UMhVx
1276,Gt3B6UyCZ795VfHJ
1277,RtucgpLKGmahZWYl
1278,UQs8RYwT9WzxrVhK
1279,suydkZ9eaRvF1Gf0
1280,34BR8iufELNPq19O
1281,WrUS6Eu1CbIJAKN5
1282,BVuJjfyQF1hN7nXW
1283,KxtVeZmqTDQ9EWG8
1284,ZgGSuWHD5OM9t4h7
1285,Y4ZENzdvnxXmKDi0
1286,uLoDnFj0wxlfr83s
1287,Ed9oFRKreVXzLUDQ
1288,sMtmCXFYgrz106pZ
1289,Kj1ipJQhfGBDkx3s
1290,d6Brp5RakAJsjbgX
1291,6tR48lqEuNZCPA15
1292,O5qnpRJwGMHr0xlC
1293,f36QCwVAkgtYNJvD
1294,XYuzMcgdvx3VfoZT
1295,w7spMY0aWQ6UIeN4
1296,syxfokreXzLl3aS8
1297,b4apZ8eXwfYTrdPj
1298,bp85dXtPgju23NmK
1299,kCEL6b7m4KfX5yxn
1300,lwrA6yYpRGMH7zbj
1301,jSDFNT9X0csgKB5x
1302,9CpXxhw4B86QU3WE
1303,jWgpI6Z0e3ArQdqV
1304,UCjIZAzLMn5a9sP1
1305,SMU05sc9tTKE71Wr
1306,fBDkJP7CKpyNjH2v
1307,wjqN1x8XvcIsJ5bF
1308,JSkFXAdnO94N3zmR
1309,jWDIc49zTatSMVlq
1310,p97gQkOFrDhIWw1V
1311,vZ2h9tDFk0AVGLyO
1312,IqkmE5XVoc4Jybvz
1313,LP4zvqbHal1CxeQo
1314,TotSwzsLRZa70igh
1315,29FPd8ZW4roKqm6c
1316,pKGEczNdiCQjY4h8
1317,Mzad1jmu2sZAF6Ei
1318,fGCuwLPvD1lKhXBc
1319,n6UAG0bQODP7pFco
1320,B7xwp3KYjcvnlkLV
1321,VJ9W2rKYue416ygZ
1322,wcZ7GCoh8iMus964
1323,7ljOQm1INMrohXLF
1324,kjb2GXBZL5sHmTY6
1325,8u4CUdyz17bNjaZW
1326,hOxPZTcGNS4AsQWa
1327,M2JWU8OZCmRE5pHy
1328,ZpRXO0NYBHufGd3w
1329,wXMnDeoKyzasQxJ0
1330,1CJQf0tnuANbTFeY
1331,f8eLnM3dOJkEv9jG
1332,MFbr74HjAL2tsRGE
1333,2A6ok4fX9xOLjy53
1334,ikLqyagfdOWFz6B7
1335,O3uAIhwDMaUopqR9
1336,8iZRTbtJ5glz0Nqj
1337,ZK84v0ag2DWBXsxi
1338,v6AyMJ1S5Qr9jgiq
1339,K8VftMdgHGS5X2uF
1340,N8MR1kCpWhSb4OHF
1341,sGyzO0SoW2ETZLwU
1342,Gwq0cMKTHg6DON8B
1343,Qtb1JfTV8eE5NGs3
1344,kUQ1lzWsjNcg9eE4
1345,AoVKDGx1cQIa2hY0
1346,lT3zPqMoS1mEgtjb
1347,pwxoWD3AaJKXGn7g
1348,txYoFO9c1yfh8jBI
1349,TGPf0KtEW7sIHdlM
1350,4Rh50lCNvi9WPnQ6
1351,PQaAxl0ICXYqHk4F
1352,B4QRTZtrYHMsmxlL
1353,Rc7FaxyXZk9qCBHK
1354,N6v9RJBFb1pmVd5l
1355,7XqjZewGfuBJPl6x
1356,AYfjLkTUpKVmiEN7
1357,IjWkgKe7oZP3258F
1358,qvrYcyCUzoRNX9um
1359,PcjCBnklhSI5GVFs
1360,8nlbioWsvaASDd7z
1361,7TOKCpnqj5NZILQy
1362,4tjpKX59dvHS3ENe
1363,idqAXb71RNaTDtIx
1364,tdlroyXP1ZvkfSUz
1365,wklASzUrd3qKnYDI
1366,VRjgtI6TpHBKFiDc
1367,lwz7unUGD9yd3X2Q
1368,W5cXwqsfZBLhN1PU
1369,HuID5elYw3Emxi1t
1370,bl0sSdo8Zcn4Gg62
1371,X4fM0vnIrt189YNC
1372,zMOqdsSC3pRurFU0
1373,dDTNBMuX83zileVo
1374,SZj7zQ1Y3M4OHfdx
1375,5JNxuEIDWGUSqLnZ
1376,tVP5HpS87EymCNB1
1377,1BSWNxaieMjAzs8g
1378,nBVLwdUiWS236Xuh
1379,FfLDgnUaXhjzEiw2
1380,2XKCjYAyzx80OHJ3
1381,TiFqzAkwBbEej8x1
1382,6OTke35nxvEwSB8g
1383,fvoZIBO74EtMeU3i
1384,F0BxiKR3u74Hcnos
1385,O3LUdexmpfjn9DM5
1386,NkTHWfvG0hRE2BZm
1387,Q90FKmyxc56CW7Ak
1388,48AyqsaO5joDTYxm
1389,u6Qq1LSjmlx5YJoA
1390,5FtsljE6bcngQfuZ
1391,76L1XAkouKBTDv8l
1392,eRmAK9ti42Og65YN
1393,tyEhLZBpJYs87C2f
1394,JO7C8p9WUtqHKcXY
1395,jD5ypWQGYEMc62t8
1396,jVCyAcKB5tEwSxPz
1397,4RxpzvDWo7FI1PQa
1398,HVXCOgpS6wrJnyq4
1399,rune8hUmdTRWxwSg
1400,svbBkOZzeifFaXSc
1401,Rdy6SLma4OqXYe5A
1402,MaXFxS2gZChPVfDt
1403,nM2Ji3wPhldybV1I
1404,jlvy7LpdxQ2Es4Bi
1405,7dBJcDYQKHCaf9jb
1406,ftOrTCipcN3G8KJz
1407,HLma76nZ5BD1y2MA
1408,RK27MJWVobctzFQU
1409,O9yJIgjuELdCBPhS
1410,b2xp1mNeBlYa35rq
1411,TISmdcn4bEAHqMDj
1412,n7Vb9MOhBaFND0We
1413,6cwp4zkFvOY9anyJ
1414,jgSrVhCpJDmMc9wq
1415,NsKIVUwOdzQYru9P
1416,eKg72DfhP45waOpR
1417,r6bQahsJS5qLu2l9
1418,ORo9a1PEzLZnwT0h
1419,BvAk1GtPY8ECrLa6
1420,Wi1TrMAFfxdugOp4
1421,s4nghOfyB1KWGwjb
1422,4tz3es0i6EFMaGLZ
1423,IF4rWS6RopNDxlvn
1424,catg2ZUGN0VoTfbO
1425,RKqP9o1YQfFTgz27
1426,w5rd1fPLS2mNE9xF
1427,iqfRHy1SXpwc3a6l
1428,G8RHKLOIVsrzE1in
1429,wdKSGoPRDBkY1jhl
1430,UVWDoPwNruvaK2xh
1431,WfHN9sJzXcdKRQAS
1432,ki4DQ95bz7oZJXYE
1433,YAazwOK72I8XGSDe
1434,D2m9GXTEqidfA15Z
1435,B9j3V0oU8rwRdtLJ
1436,d16nUap9iHLsPohZ
1437,Yq15JDijQSZWchKk
1438,m0H28WczyMq5AVRS
1439,JoyLIlB6VuUqNigS
1440,b3LFdSiogJ8QA7Xj
1441,CaSFZT1HKz6jkpRL
1442,qo2UYPpTkiJrAIv5
1443,rwx3VqRMOLhvsmNo
1444,nM01QZSubHGoAO4a
1445,ZEQThfFYWmOpNszu
1446,k1jvf2EGC36AROge
1447,o16kjexDHYgmnITs
1448,McwOjn97dlhWLzYG
1449,IH6cniuaOdJb0N1C
1450,P9mqSBdl6w7keKGD
1451,CARPfuNMTlb8Iok6
1452,sM5cf3NQHyD6LTme
1453,YbhxQLtnFlC08BAV
1454,DRn0QhpWmyAE1GNS
1455,P9ibQwS5rTUqtxGX
1456,YBouJ1E5b2l7SHyg
1457,LdncgCXBep6qWbhf
1458,nYlBrdfMIm7V9gyZ
1459,VB5WCxU780Jmnovs
1460,kpUZhy6zMY0AKfHi
1461,FIMceGusU5ktlpb4
1462,6JZlhHOsIc5fkbeL
1463,sUMjaxpZJeV76cf5
1464,FGsxbBAmj2N67TtE
1465,Mc8Ub1LxqyiVuhwk
1466,G12gcanzkmw6bUve
1467,laC3DghO1LNSKPkj
1468,0Ylmiy9JdAEbTRsB
1469,qA5t1bPdykUamNzH
1470,rKZ0jh53XdBSWJRg
1471,2QqlUH1RpS894AOD
1472,2a61RflHqFdK9OUo
1473,NpeJYFIOkQ7Pd4n8
1474,NFEtw7M45pQDcJUd
1475,Zqw4DyiJYvxFSBU6
1476,7WOFIRJcNZKQYVUs
1477,vKBW78Ar9f0Ui5xe
1478,Bejs7Gh5nYvpqafz
1479,ZfUpai5dRGvWQEkT
1480,Ll9iZWbHrfj70kOY
1481,uImRFWJ5r8yN4jfw
1482,u2XWfY5BUnJDox6c
1483,LSoCQ3Isftic9K1y
1484,JEuF7qjKfMRhb34P
1485,yMQixHWr9OLaYmsG
1486,MI3cPYHvojaViQKU
1487,YfVMDQJHkOmWxSij
1488,0Io6kXUW32BKthV5
1489,cTD80qQuZ4rNF165
1490,0jazwxQMI4KZJ71G
1491,lJbghI0spSeuwmcA
1492,6SgCFMD9PVbfkpaY
1493,ZV2fatGymug7TiHB
1494,IjH34uSbUAnY0ZCT
1495,9oRDYrbPs7GeL1Ml
1496,jptRCL1F4M36hAoq
1497,Hke5Yf1qPphIEVWg
1498,fRvyz65WT8sDiLoZ
1499,ZOukB6CoPdeYab7f
1500,PViBpdGtbN0FQJ5Y
1501,W7rEFaZ2CjXJPl6H
1502,CaTEkiWvcFI59Rby
1503,oSCYRWbhAgnG81mM
1504,Ges7bSa8CNq9LOXu
1505,LJgNaE6bIui7AHSO
1506,AMUeZun1dRiXzKH4
1507,r7fDyOlw5xzesuk8
1508,PgDVHnv1jCAU3olS
1509,dvsyXa14AFVkCgTN
1510,N1f9YJylzK4SOj2t
1511,wmSeChY5yaQBEuMI
1512,9ZPuyf40srL1KDzU
1513,3iZ8FlIRKUVTAPjY
1514,GiYOb0wnkAvBFcqt
1515,YRZmTJEnObP0wKFQ
1516,aB5wvorDtkcmdel3
1517,mXZhDWLUV2w6pjxc
1518,BI2a0LtHnWEQRgPy
1519,ij46Mn0lTCkgXwxa
1520,931IdRMrgiBhVpTW
1521,nFMx9kj3fIlJRUNQ
1522,gGh4U8EnY1tQqzou
1523,zQ3WIgMkqyEJNVuL
1524,hLV6n9ciN75tyZq4
1525,W3SqvXhkN7cjQLnG
1526,p32SteiyVMFLC5bG
1527,8XHgyQxwNLAaIM36
1528,zBEYuHVl9eCxq38y
1529,08aCOZ3INdA7lmKk
1530,ExwUKijm5oCL0hIP
1531,CVQmNTdnRG1FihBt
1532,WoyL3jYDiRxtGV64
1533,eP4TzXQSkvHuAfjb
1534,2Vrzf3uNlQ8E10qa
1535,vChNPgwpQi6MbDdc
1536,2a7N4H5ho8AMY1XE
1537,Az78DgbmSonPJr94
1538,d0aoUXTVS9LpMvnw
1539,Jb43fMn0KOwtLV7R
1540,s5bxyIgBYlR8Wmnq
1541,mF8MIivZJasWpoBR
1542,fTVWuG85XkZ4HQtn
1543,4l5U6EzpfLwDGOtb
1544,z3FObmq2jRQdB7GX
1545,BCDNM9SAo3W8X71Z
1546,Igm2hwSV9GnyYi4a
1547,LWyAYgGbqZuT9V7a
1548,cMYaNg0f9eXFK7vH
1549,AwqkPD6O4JbIg5tj
1550,4Q5J1FIOt3wiMEcT
1551,A03hiX5zpNvfkVjn
1552,Tk90BopE24AuFS3P
1553,sMxCkZf63N8KdGtb
1554,7NzMw8IcCA40odje
1555,VBn9low6NPGIdCE2
1556,Eo1Khu2t09A5BDGg
1557,4eD7GgZvIF5nJCM1
1558,wne5JZHbARiMqSum
1559,0LYoiXqljwH2Up7V
1560,2WQkdKM4DECm0XnR
1561,cL5gzDkZ4rSQhMpA
1562,1OtPUhuo5GyRbljL
1563,kxPaZOU0d9RAbsQ8
1564,Sp8uVjQvMaAmLfgl
1565,ZyleEVb3dM54W7zs
1566,jbMdVekth6LY192c
1567,WuqZ4mrN5ltnJRjS
1568,5cTEKXhs3kdojlZu
1569,fa2cIrmQM8toVug6
1570,s5hx4cPVqOIuWaU9
1571,QMJ8iUFLol6EnKB4
1572,bmvV1UgoyPRMrnwz
1573,RA3rJh2Nz97UG0ts
1574,QGowfJ30CiWHjZtq
1575,wtxbAJpWHaN0lPQO
1576,eaBsouATjbQwOi4J
1577,P5NWB1AtaFVeqMsQ
1578,npgltqEWwkSvA9Ys
1579,zn7EfrSXegDpb6mN
1580,Z7jdbyNL5Ko4qIwG
1581,ZHoRQa1YxyStWK9f
1582,OEPwoeM4bLq6DVAs
1583,LtEYHxCl1m9cynTD
1584,n6L81qWcbGeQCySv
1585,joQbCRYrApeG27Nu
1586,syz2Dd4GpolbnHIA
1587,xAdgGIhPwvTK63sl
1588,4yEmi3VHCZBrvsNn
1589,5wYkK1gBjDM0uGPR
1590,tSKAR2NX5k6Dvn4E
1591,Iy8PK73jrYUo0kgQ
1592,ydX1oelcQtZVjkrz
1593,Ca8rbTQ0lVFRAdE6
1594,woRCi097VymxlIDZ
1595,Dh7F2BVnO34ZgLjT
1596,zYOH6caiC5oZPdp0
1597,wHen7pqIZzOahlot
1598,1hvmuxrPXTGbCS2j
1599,MXWB7a9nvTJ1eLpE
1600,zj4cuyFIGSOxRUbl
1601,SPLdVHpWMouEb2G0
1602,jXvKnGAzWDeY390o
1603,7FlNVxsZKPD93UmG
1604,rCywXJNkZHOn7aiY
1605,6xIkD2lQUzjHF0de
1606,ar9ADtiZkN2lmKB4
1607,gbzCu6SVOqP0cGJ4
1608,qK40VzsAgk2oc3LM
1609,STJAfiEOZezPFybr
1610,FZRBDSi4snb8efz9
1611,2pGeJ04jLSk5YPBl
1612,awlzvTx4K5Nu7igs
1613,rq7G59LkVKMfzj8J
1614,DvSc463AT9yOnFXz
1615,0dxuq3blkm4AeMnF
1616,8YMUQNEbOrwK59FA
1617,KQ6XpigxUsl3ZEzH
1618,OIza5x4VhNucAneK
1619,WEw0Sy9sFLfzlOn7
1620,0TwJhlAboUN7PRcB
1621,SsfN1Mpm32j7eyC9
1622,p6tqXhNs7aTMYbzQ
1623,xDcR60AOPIZCMfLY
1624,XzwbcsOJon1BaI08
1625,AgR2orZcUmKW1dQ3
1626,uH9coWfVkz6aBsqt
1627,MLR5hDWNQrzobFlJ
1628,KwAbyOEQ3Nv7rLUJ
1629,3AkfQwL1By9Ruxnj
1630,icvmkuxotfOKlR1V
1631,7y0O4BEm1dhTIuJA
1632,G1qjwRAgclPfehXm
1633,I2QXfGEVHszcUNn0
1634,Yf8sB6Heh7po1KPa
1635,NA3gzRwfHCFa6rhQ
1636,vNYL2lEDXRpaMJhs
1637,KYH3yLpaNQWqfrGJ
1638,z27qOrPxaLduoX8I
1639,yLlCVF6qcYo9hI7a
1640,AweTrNcSOG31it0g
1641,8ZHAIDQPNSv7KbUo
1642,HBmf3YkopOqyNPdS
1643,Wm8CNvkXfrcHSj02
1644,vV3TIj6QtcdfGCMg
1645,oCK50WSvZxDPHMgU
1646,DzVwaYWuZR8Xr71n
1647,Kd5mIqC8GYEw3o29
1648,qFErPAgi9o1xXznV
1649,4QgKu3rS9t8fkc5v
1650,VpmNrgBocaLkWuyj
1651,QchmzsvB9CR0KZ3u
1652,OUcwaQqe4ipGPhBl
1653,6u59dlmkcSNB4JA8
1654,7PcdfBKT1lCjwSGi
1655,Rm0bxGAjeFrXpyoc
1656,kGyVaAzIQNWEXMUC
1657,lM9Fk0WGXATtrQcU
1658,WXQtPRkyf3po8Flr
1659,YPGDgNfIknURBEHs
1660,cIW5aOnU4QdCpTul
1661,ld805jxaiWEKLJb4
1662,t3NFMdmkXZOSCHeT
1663,iVHgJIe8DAfTscwC
1664,dFQjaZfwTibN1Sle
1665,WE97oKxThPBjDmXt
1666,JZF1NW5Ij3M8rS2A
1667,2oCS1RELwfjFX4Mm
1668,dYC3GNMaA4KZHsn5
1669,KxXYUutFI1aePVf2
1670,9msHaj0Q7gCKJEqu
1671,wjfrUsAz7kg1LtlI
1672,ExJiynHd5tKNu8FV
1673,QwiFhfcronNbP673
1674,lJczThOm0pB48XuQ
1675,wMtVKsZAp2WrmzTb
1676,hu7GSegscNYaKmHO
1677,UEHPlJAx9aGwq4BQ
1678,o5PHaukqYlAhbfxW
1679,4fLnFdYP5as9O1z8
1680,ZNkl5qbyPhzgOYK4
1681,DqC01gBXFx7GOzN8
1682,Ux4rMlYI9pj5KSmo
1683,mvpgZtwI9M18GSVo
1684,J6tQBWZXclPw78vD
1685,wUqaQZX63NOr08fu
1686,8UBpsXQH4IYo9qxM
1687,R2yHXNhxw3AmTk09
1688,0YDxRopdrIlvM8O9
1689,aCuGqhI3Y0lVZQoU
1690,Qauitsdpg573M0Fc
1691,qBWyFKLDcJglrdIE
1692,OXCcmABq7huIsvPn
1693,J5pWP9eBqSlwtzsy
1694,vAiOYWE9RdJIthQj
1695,R7tpeX1LYwyGFq9V
1696,BXc6UmKvpjI9Yruq
1697,OATLM1CSKYz20xy7
1698,I476DRk29XcuVB0e
1699,bXYUTsVxv3yHQZBo
1700,jLWSMvPANHcg5mF3
1701,TsfQ9kFrLpSNiRBW
1702,Bzt8vopnreHU6jFl
1703,Wr9kXEaGwl8qFA2U
1704,oeAPxjvTfR9HdKZw
1705,Z0yojUwp9fmVAbiR
1706,6Gx2sNuEleCMz7f8
1707,uWTmZzl8ovnBjqSK
1708,3dRjYrFlEGBycatP
1709,0hulQZ6V2qog7Y8k
1710,wiNK5F8Vkcs6n4lt
1711,2QTFtDNRIovebk6E
1712,8sazlty6FfejXc2h
1713,toVSCDGE2WpiJm5I
1714,Hbg5ieYX7Ml9ckNR
1715,Ld7fbysMIpBkjP5Z
1716,9zI67Bfowi24lhE3
1717,IA3VR9ws48BatXNW
1718,dseMbqPUxkC9Lc1K
1719,g4uUk7S8QyBiXHLx
1720,xO60aSWUkGcI8tbB
1721,q35AhBOXoswIeMam
1722,XoNIDdeVw6mHqzx3
1723,MRHFbk4vh7dnYIli
1724,odFGEetsPBy3iJSD
1725,fXkVYQ0WzJ8yEues
1726,1IdAfbSOeEiQ0D6q
1727,dbuQKj7JXt3PqAsv
1728,BNhPz5AukqlgbDce
1729,2YdBbpHq5vRIDseO
1730,UOS1BA6ZDC5dHX2b
1731,c8SEzHs1a5rBInYC
1732,UHeKmQxuJpv0TFlW
1733,6TSqhyNprgi2PwKu
1734,6AiNO71VQMmJgW0y
1735,y7QIgjeYfqhZLpuA
1736,nT1lDrAbJN0FEyGX
1737,adr2BmzgGZUHyLEs
1738,SQeAy6jNKR3Io7Or
1739,F7lifzXPW01sqOCx
1740,hdrjDS2Fya4umfZ6
1741,cXsoZ9V6BqgefnYu
1742,TFnMrbatgkyipO9C
1743,4U719Ed8sbYcejwZ
1744,GEqxa10WMcDtTVjb
1745,ceouHydx7iI0aXNE
1746,Lqj7adDbxGS1Xrtw
1747,r8Mb2mUZJFk4o9BD
1748,KlDEnL6PZzbhHiRI
1749,OTBDXJzEs5FqKjan
1750,rtBGnYmkzJ27pCqU
1751,H9Pw7SExYeMt43TJ
1752,IqOb45wZ2EaS0AxN
1753,pQ6YWgqkS02AEmPt
1754,diuZQbpRn0m8IUMD
1755,h4qHGXEedZ3LAO80
1756,Ev8j1o4yF3ef6qN7
1757,9KD705VfmxgSZpEr
1758,jhi8TqHtCQF2ZbL0
1759,9Y5ITJuU2SjfC6x0
1760,bfoqVZ64i7FBjxgH
1761,HW0DCzLs7RtmjpbM
1762,etqcx4Es5WlXMdnf
1763,qohJLTNg02tmUCvV
1764,R8NrwlMg0cxVzaUD
1765,EuLiVwT56afN021g
1766,Rcz7NyPlSr0FKwM4
1767,tbMv3QBnpCFNDPU8
1768,Q4akA3uomNLdK56x
1769,W5vMI3NQtlifUSga
1770,4Rq6z7kleYsBjanI
1771,7Gmh9gTDHQykocKX
1772,k6jSdRmNcOhfrMPq
1773,wZA9UTbvKyziokjV
1774,8VTvRygurHabN2mP
1775,23qRfhg6jdk0UV8F
1776,P1siwn7xMeR8gtQI
1777,qORh4prgVIxPa8bn
1778,Xb02vwEsOuf7K1Go
1779,riETleU3MmYHvcN1
1780,lSCk6O1nJ3Psyp2E
1781,ziO37Nf4yIYwhnpX
1782,pCANnJIjx3uVEBfi
1783,sUnWX4Nxm7jLOMDB
1784,jICD6BoHYJQTtMNx
1785,pwHzT3AkrtGaYCmg
1786,k8fxAEiqgXs7eja0
1787,hTkoKGpZbfODs5ci
1788,aplFzRueDMyWNBxA
1789,w7ueqsPYd6bC23XV
1790,LAKsl8uOrqCgZvFU
1791,MYLXkoS0UIwRnsV7
1792,rD0WwPLV4Cyo2efK
1793,0vhZLoFRxrBU4KXA
1794,izfER0mdBPn6LuoI
1795,tkoiY1T8WxGDaZR5
1796,ZVhOw1jvlNWXis4q
1797,adPrUHcx8QofZsXN
1798,KJ9D63WblERukL4y
1799,VlaUQGbymknJ79Lz
1800,RMQlXv7zUtdGi3VO
1801,bOTg7kc3HKsfQrI0
1802,5lNKjGdCtfSBwbL2
1803,kanlgBbh4rYoA8eG
1804,isW2XR3yN6Q9lmMD
1805,4wqhCPKgyTL5WvDI
1806,znT7o1EAiRGCxLBN
1807,5QU6AvSfONhInu1g
1808,2jcVT07syJNruEPU
1809,opPKl9qafXYRWSV5
1810,ESPCObXINGDFocBY
1811,k41spBnJKu56iUT7
1812,kdYa2XVMJT5oe1Ft
1813,pPjDLFNcKWzBx2Sq
1814,316NIQhyfDTsk7vH
1815,0ke93YzBWbhxlviK
1816,AJgBtxprZuDVFi5X
1817,EDH1y2CtPUR6WIzY
1818,n15TCi8vFy2WqQBD
1819,G802ue3Smgi7cwA4
1820,rZ2GKk8ePtv1hFUM
1821,51kwGZCRVl3fU7L2
1822,XMxSuG36JVaNWlPB
1823,BH3mkr9IvQtRcSxn
1824,xHUXYknJbliM7S3h
1825,omn5L4sYB9QxklNP
1826,alsujyr2DLRtHB14
1827,zMAxBL5mQTOhndN6
1828,UnOd65j8ZWlu4f1b
1829,GpuNe04LOFUwgq1k
1830,W2OrSyQPj6HEx09I
1831,BUh8zk5TRcwFaWl3
1832,uS8herE3XqdlcCgf
1833,kEisRMDPlHbc3tOz
1834,G0kwfhNFXxjziMUe
1835,O5AUxfHMaCb40Qcs
1836,wkKgHR9iy5BX2YPJ
1837,bZ7caqF0WEUHOzmL
1838,VPX2rwUdWOKBxYv5
1839,4GteJHvjxs03Tz6n
1840,ldxfQeYi8MtsSop2
1841,nxXAwNGidYKlzqr1
1842,6cqgNtMm7EfIJo3r
1843,fGUbdhWPNg4mwFR9
1844,SjZOMgVPxUYtdBcK
1845,w2nDVhFXZ1AGIqRO
1846,uGc1WUNapI0Mv5Pl
1847,OlMoUrtHsqb40CfY
1848,B9qgSlZMysheVF4P
1849,Pd6k7ApNfV3XvbcW
1850,k3rxjhLw46ZodOn1
1851,Ys8FghdfUANDKZWI
1852,qP97Xg1YervoxM42
1853,dF8TJjwyfkC1oONl
1854,1gXl2LJmQ5CG6wah
1855,Tcq6EgAOk2uzxYDi
1856,0xXjJLwPgV1dTbnp
1857,GMYijRvtlsA5J4x0
1858,9OnMbAy5ofDmQ8Ra
1859,neCRgFWiEkYLSzUO
1860,Ef5TJ2DCMnyqwZ8I
1861,WjzcadphfxKbH7Gt
1862,nchs7iGwWoRqk436
1863,EKX9J7IO5Llezjiu
1864,Vgfv8Np1azXbOxYG
1865,MlaCBrA7djNoutFR
1866,7oQmpXdNtwrhKBzT
1867,2MS0ZXLE7TUCQWBJ
1868,IX3mRMhCzYlV9Uvy
1869,SANulPZtJUGH1a06
1870,r2eXIYfR0khmjKBH
1871,b51EHoL4sBJkupUA
1872,XApWwmMI2C4E9okP
1873,LFn0GxXAuqT3tcE2
1874,vGWTYrHdcSafDFVA
1875,zMp3YqGBHO17Fk6g
1876,CyprH02cmRSG6kiq
1877,P2qgjhZeUxy0GwcQ
1878,TsJ9kKUy8e3PLd1Z
1879,XN3Q8ZfncyqRIwgm
1880,1ZhcNjnPs8GOVeur
1881,KbGPu1g3VweYdy7Q
1882,0U4CBZ1DQ5aGks2L
1883,RrNBxo0P1JuOYv7W
1884,tLfJNBCy5eogUcvw
1885,ohCdgE5kmNI36USp
1886,NSg43wdlYypIRmCW
1887,Gifva7RyBPV3rIZA
1888,87lANVibwDynP652
1889,Nh4GfIRdsjzeHu1y
1890,3mDwOSZ7QjGohC1q
1891,uRQlvGYEZrxHb60g
1892,XV2meSGI8pnvHP6W
1893,9GjWy5oLi6rDdsec
1894,8EQ9F2Bd6NasO1jG
1895,TKEFbgymqocrSt8v
1896,5rPgvUBH42MkuWhy
1897,DTaCWoOLYHxB3Qv7
1898,EnwBkToHX1GYgJSL
1899,rMVHhXg1uqDmN647
1900,hQq6yYGlR9fUvSix
1901,RoS5rmyePdChEFXD
1902,qZ7HKgLYhSrJUD63
1903,SJruL8B9sXDFeIdP
1904,xIzgXHZiV0EmSveh
1905,M3oZlerAwhPjnmfU
1906,WbYK5EVBpqvuyA3I
1907,ZXBjVxiuPSTg6cMv
1908,kROT2qEjCX0WScNr
1909,n4OZdCBlSJV7Gbpr
1910,T4E9if8lyOsjoaxU
1911,nKCEmzNadMAxBglp
1912,z9OVnjP4itMS8W5v
1913,T5KM9kVvOF2AulHW
1914,EIzy15Vf2wD6iejQ
1915,CZWB8O4qJRIMGSAd
1916,t8h0jCwP3e6AOdky
1917,rBZwsO58uCNHkIxS
1918,pbJeiq5nCfXhdL0Q
1919,ymLcg7FNxhRbUVXG
1920,IPB36xzWtwbFoLjc
1921,0hBDTmyGuRaiWSPt
1922,3mTwUolaCSVycnbx
1923,0or86Pq7AckhExO3
1924,sNolV0LMetGuB6w3
1925,VzuxwnBpJreogSvA
1926,fhHsm5NYyrdXVA7M
1927,BHmEf8W4kt7gY6QI
1928,Ive6pEsRo5ZO7hK0
1929,hLSA78ZiGO4rXuyk
1930,D4xr81hBnbLvqfKu
1931,rD6tsaVBS0kjUlm9
1932,4QhvIlsmMRBN9DFc
1933,yGnLHXm28Mtl9ThA
1934,ObLRCTEqS2B4WNic
1935,X3zM6UwQLnscyEmd
1936,rsyqTJCgQBH8wIYf
1937,YfFtsXLob4x6p7ud
1938,iM40mrzj1YDV2La6
1939,ZpbB6JfLikUTYOIN
1940,74Oi2xLTQNreDHnp
1941,dPyM7utf8cgJZsqn
1942,oG0kTD7P4aNfEuyQ
1943,5ADufBcUMQzWE9Xb
1944,kbqLn35y2lM0XCxu
1945,DXutL7Cf6yMP5kZx
1946,NyuzCd68iGp30S2P
1947,u5xLoQU6z4djkams
1948,nKd7hQRoIu265EWH
1949,Oo2DuP8ezS4vVYI7
1950,wL729fIDV8WFhJUS
1951,FzkJVMtd8CrvDBi6
1952,OhD8kbcxl3XoBJp5
1953,WipgSoCBLyaVsnmz
1954,8VezCKfSOrWqGuij
1955,Kj39QsxnXplyHCNd
1956,0EfopUrSHgZsN7KG
1957,lS4ELRwgoGi1tYZB
1958,ZHmJTs1Ov0zLPKqk
1959,bF6rVTHBQ7K4tUX0
1960,GqlKXFzM4a1voA3L
1961,ZWyFIg9bhde2KHLq
1962,uCfd3iHmewVyhNbp
1963,wdDzAYPSGkUEnFXI
1964,OQn5AzahxqtiljKX
1965,NUe87lvJigtPdkID
1966,FKkco6l0fEegpua8
1967,yuITlAHEzM03c4Lb
1968,6IzoFMO0PjhKr8l7
1969,kGlMeO6qpgzuQtP0
1970,LEShsN1R4FCbm2DM
1971,SgdnXU78sfPjI3u0
1972,rI2lXWKMTc17qxFV
1973,UeP2wJLVOctuRTxE
1974,A0E1axsZqgDYeIGj
1975,cE9QehMqm72Ywx0r
1976,GeNEiZDkT1hCqtXR
1977,uoWhP8HUbk6g5TGp
1978,FvTRaqbs61MdZh0k
1979,sWRMNdYKzGZ4LX5r
1980,ritQ3F9DoXH4mKwA
1981,nfEuA9W3lxv2Qazw
1982,ZNix69H1Vr3WfRB4
1983,Oyaok9B8uSUCVn6m
1984,ekzryWmTN2SaY8lP
1985,nx50rARVLlOiQzBP
1986,QT4ZN0mMP8OqU9cg
1987,FvW3o1miUjZ9adqh
1988,dF1WYXIiMc2GgafP
1989,IWx4TvJfpz25rUPi
1990,5hXen8gLK6YqOAsp
1991,5xfsNvnwSOQHidtC
1992,84gRNUMsAdZXnzuj
1993,3xDif8Hh7t6vcqwJ
1994,9k3HAXvmeN1ajIPY
1995,N9mDj0l8xPF1nYOT
1996,J4tOKn0vsuq2XGxw
1997,y02deu8h1FGAPTi6
1998,PfdrGFZOShKaQyeg
1999,7beOzDjZuFB09q6t
2000,R5jXC6gpfAKLnTYP
2001,xIJ91TdoA4nO2gWF
2002,GE21wjc5XaqAVhlI
2003,M1x47SUAOLYNJlGy
2004,KBoAhNrWZ8XszI5m
2005,rCU5kQnGuRqeIjlg
2006,YRI3fQSlG7ncrZsW
2007,PzJoT61uf9IhmsNC
2008,Q0cbBTsmMOn5RECN
2009,Du48yx76Oco9tgwM
2010,PXKp1diaTN7OvSMU
2011,nrHJZ2mVx135EbRz
2012,Y2f0m3AsdWOEbRUz
2013,kQB9q27mbF8JCADV
2014,qWIsGvO3F07DPh4w
2015,V5Bc8QTaCtmhkHKP
2016,GbsAmKUBlk1ngETf
2017,IrHEZpGiAsu382FC
2018,OYrmi1FR9x0D7Xl2
2019,1MJjQPEevahx6BHC
2020,vUrAp4wMC1xgNsaj
2021,M47DwaEH1AQoYCF5
2022,qGjeyAZoMhsxv7Un
2023,kYvwIDE1OtyLo2iT
2024,KFX1skAvt4dgERlo
2025,JVFz5D30RNxC6Uvo
2026,wKaz3bC0kQt45ZGI
2027,5gdv4W7X3VElZ8oj
2028,PMSyYzLTVeDcFWZp
2029,yfJXSxC0rglVOcmF
2030,8nuF035MomPARf2L
2031,8SLWZ7yANbCiG3pM
2032,8PNb9AgFCLsDlhQ2
2033,gJN9DBQCXUFTeqPd
2034,l2zuX7drneDtGoqR
2035,s9iK5u0aj6bxrCq4
2036,CL5UgDYskmEPTdMf
2037,r9w43pj0xMKnW6iE
2038,9d5bU4zSipjVogkC
2039,63ZcQGyhXbelswK4
2040,EJzDMXmey4LSCndH
2041,CiTLEkUhSWJtulVZ
2042,iSH8tUhCRQf6xbyD
2043,aIm9bxRK2v1dTzkG
2044,PNmyCIkSsLHOq3tx
2045,cZYkeB50VEWTghfI
2046,koLYx5glfMv6eHRm
2047,lpXrgEjnOS8QJ5oW
2048,AtHbLm4MSW8xZ0wv
2049,eX04nPtIgFJiBKo8
2050,8OQpCH5re7mFboMg
2051,Dies5M0z9cbw2pEy
2052,ELIM9yutUWsrVo6X
2053,VH9e1sbZxgtcrEvu
2054,d32bOCDzGjL0kWRy
2055,DBz47SYAOUstLkEc
2056,gZoCO1AXLyaEz2Ni
2057,yeULcNkKF1WHdaXP
2058,haLsT19cE7dv2jIr
2059,PIJMwNAeCRxkqc9r
2060,0fOEcvH6AF8SINJa
2061,QWo967CAwvudFEef
2062,I1E6hi0CqVrjKGxM
2063,8xjHbdmYwD09pGLE
2064,JB9IXdsimuRyWLFa
2065,hfWKvUg34muqMiGP
2066,XdgeqnjkcGVPOETp
2067,Ws2HOYwQNLhDzrky
2068,F9m8Il6Wp1vkD0Lu
2069,PsZ56HxOESfbUd8v
2070,IOreJUYGByhvzxM7
2071,jqBHnmRyJbeAIx57
2072,qdufMWmz0i2XOThV
2073,uM3oKEPByi5nAwfT
2074,KoXRHmE208yPCLFr
2075,EUhIDXdg8c796RHv
2076,n4EUAcCL2h9oDmP1
2077,KZeprfO4W3Usvahl
2078,oziXQ91qZA5r0wvN
2079,A2eYwbuD9Ei01zMr
2080,p6fS738XDoItqPdz
2081,BdZbJ9cq1LIvfKAU
2082,qvrJo6lGiT0cA8VQ
2083,jbzIk5SxGUCF2egr
2084,JgYGBwdjFQ3I0EC4
2085,NMWpCTa0oZhLc5j7
2086,V2QFHE086cwyU7Jz
2087,mnCNEUVlk5uH3xRj
2088,qHgDz1Y7oI2Zw0kR
2089,7mpGBvsz32eZ5u9n
2090,LbVJo21DTAqcXKH0
2091,qDgGzct3mwT2YvZx
2092,JQXm8RchDjU56nCy
2093,OB02ucTDAV6dzJIX
2094,Mckfme5VpyHnX0d4
2095,qBaxARN1ok9liKDf
2096,4v1OBreStZaMzEu9
2097,8blVKyngm1LSkUCf
2098,z28jKXrsaVHCRWbN
2099,s1gdFMaoEcTlvwuC
2100,cwopdJuE45lN1nyS
2101,VHaDAyji6ZF3zONY
2102,mjvsACWP1HTEkYaw
2103,y42UPYfh6bTCnuW8
2104,OJnP7a6oh3uvSeXD
2105,m6c4spVNLG0QzHqv
2106,YTf1KzFN35nrIeDp
2107,sJPogDCp1c5zkvQr
2108,LPF1Q0g9B2aWj4KX
2109,Xwk96Z4HVLPOtWmB
2110,RngpfawZWmFL583o
2111,SX4lMB8ZkoqJTR3D
2112,agdEpkWvxebGI8M9
2113,iQzjaV3m5I96vSbR
2114,O07PvEm1iQb9npDe
2115,OXoCi1WsUMVQZtpf
2116,93xGz5Q6fdNsJZqI
2117,wsY7ejPiZUprMQyl
2118,yIGPaiXg1v3RLj5c
2119,eJfLDA5UQTMwiz3n
2120,Yxog5STKiLdeQcIl
2121,QY6SJzIbjGn9xg4W
2122,ikTaW0w2IUo3fZON
2123,zhKrNWU7Xke4vo1I
2124,2triSLjon7Mfhlxz
2125,QbL3jBdZ7OPHyJqk
2126,piAPsod2QuJnf0ZN
2127,0cGMj6Ra1W5Z2QEA
2128,WJDqZcrHsKh9QnVR
2129,0ZgLOt8bEhx7QfoC
2130,AWd1ESs4xqNgBu8V
2131,vabnpT3DVdNBKCXZ
2132,Vdi1ka2b9FpqzuHN
2133,xBh6tZE9fLiVlXGz
2134,Qokd2NAOGbfFEDK3
2135,JhFq8OfunSGxAEdk
2136,8OGhHe2VN4AyK6oj
2137,VxgwAzrqMnoL5J9F
2138,xXSBN7EG6c94U3wV
2139,20pio6njT5JQO14k
2140,0CMZSiYKf8EOcl5X
2141,7ekih3xrGpKc8jtW
2142,XomnH8KxfCYihEZj
2143,wLCdFM4T7HpkOSAi
2144,ntEwOk0pd2VBgM5H
2145,XVdHlmj2iMuySIeD
2146,cCmb0ntFYuSXZaq1
2147,ekwncFfxqEDXaHlZ
2148,EOgDvI6wRSpcrH72
2149,3XL9a6TsuihNlGz4
2150,f2bojq4YUNSnKpEs
2151,dU0cBg9VNPSmXvqO
2152,C7jH2gNuRPTS9emz
2153,NKjmdt6Jx5wI8B9b
2154,yEtkoSh9sB1bXpCw
2155,GKSITi9PL6NW0ZEn
2156,iWup6DBUXwKPfzex
2157,UcAeCV4IFDvgjw8R
2158,mwBU9KxspIS4C2bP
2159,ynWFNuJEvSo8kX4H
2160,qcSQjk7exEJof51B
2161,pDP1l8ZVyEw3TRHX
2162,d21VqW0twfYHmxoi
2163,xH1sXwihM0WZvCPF
2164,ZM9gynjL0xaecP7i
2165,3zEK1AXZRomjDcOM
2166,pqohRXscEnrLMZOW
2167,oF0fPcRDyOzYL8E4
2168,beKN63tB45VyUgnC
2169,pXwj981qvC6QLYTZ
2170,uxPQXOmAqT8dGKgH
2171,lip8dfugVM5cqYb0
2172,oui3fXEVbRWDltnO
2173,VswF1ha6q8WiDebH
2174,jALz6CSi8o54pGea
2175,4TfluytR9ZMeVHr8
2176,o4UGksTAjlfg1t3C
2177,SFvlmcPV1anBRdCs
2178,2ZR3Hi1J9DhTCfXl
2179,JTQOxsjSVDo0Z7vX
2180,Vo0IKC4y7dFJfnsp
2181,yxd8OrztoaSqJW9X
2182,Ou3QB60A1k8TsebZ
2183,D60QbzjGOASEmnFp
2184,TWqGsiRI13rZQVwk
2185,VrxlU8ez2uwS5fJR
2186,75fpFlbvOcChGsQw
2187,jOKUEDJSCBzboXwN
2188,eTOZYBQ6om8uzAgi
2189,YsWn6iK7TdS54omx
2190,LhfMGoQ54KuzD39g
2191,sF9ZXR6tYGSygwlE
2192,GwycCpEP0KvF5eH6
2193,Gm5nuAVkSriYFgRU
2194,xhrlYp15FJ6eIRMs
2195,2Xv7OFbanC5iJQyk
2196,DsnNfW6XA09IuhMB
2197,FSvg6tqX1nzD9LO5
2198,DnjZ5eYbhqTAV2Ed
2199,sOlTh8mVMEvyYnFR
2200,drbtDZjnsxeGR2qv
2201,02iSI4fEzb3JZk9M
2202,IhctyX40rvHP7lO5
2203,yvGKkrc4wCDm8fih
2204,bqdMCkrADROujTnS
2205,Mb21KlkXaFyfhU9V
2206,EvD586KYZa7sweqc
2207,yVeOUdcA2B3DHoLi
2208,rKy3ngekcfOwuS9F
2209,BbQHCUDVyoXKWzP2
2210,snK9AowIXckE6qxp
2211,yGborLXmq2xkRPBU
2212,G70wT2Y9aDqySXZM
2213,wDT2Iyb3A19squ5Z
2214,58bO7mC26laGvgji
2215,jZxgsJKtaoiNDzO6
2216,NIs7OLzfjRK5i1kq
2217,HVI7Jre81aqsnGQX
2218,JpgztbcTY8UAW3re
2219,fvY9xX2Pb0Er1CuG
2220,MArbXEqWlHUumDQR
2221,z0mldPEqohbV918u
2222,AmiDPL92x7dwFU5k
2223,V0jl2tM9ec8SBpWq
2224,f3mMyk1PwZ8CJaNF
2225,03D9bkR5w28hdZF7
2226,NVktseTJoXb0yUR6
2227,J0MXHyaOc7muSdKq
2228,TrJVPOk3Ge2KAnNB
2229,Du3Tvq7FwUhd8M9r
2230,mzWNyqcABoPT1XS4
2231,O804QlKHDAScrMs1
2232,McGrYVjnmaJ160Q9
2233,w30flRKbnL7dqxFm
2234,ow8FNuEBtSxJ64Ry
2235,kdPctaRJHAuGr4K3
2236,msUEWjKfBXdJpg7k
2237,UoBPlaQbT6D8ALwH
2238,E8Cs9d5k21IYPfyz
2239,m5fZ2iYhnVtH3e4k
2240,oRKUMJA7qzEPBbm0
2241,LOb0ZDV5CyMUe8pB
2242,mwUbPHQxKWFSYt48
2243,vozPHYqrMifejSdy
2244,uNR2SbFMrdK0xGVv
2245,r1meR08ZwnAjupcH
2246,fTROECakvoqNUQF3
2247,lpRTaJwIL4KEsF8r
2248,8jYocD9Hq4KCvABJ
2249,vIUGX6pKw3q27az9
2250,lwcpxA8TqLDsQPy7
2251,1HnG6vUt8Jj0bFKB
2252,eYGmAsrtv59EXhH6
2253,8Q2cIedCpKSNPFWY
2254,voiewBL6suqxzOYh
2255,xFHpqsXUhVIoyikD
2256,S1XMmVOPjG4CfDxq
2257,Leuvq5IyzaxNohpO
2258,2KIdj3Lm96gVs1fo
2259,dRwvKD8EZFGO9YIj
2260,ls81nHmeB0uXf7wJ
2261,qvhYyJH9EWTxgDo6
2262,rJye8ajq9MxCn6RL
2263,NBfGqL3M5kdDAmJ0
2264,e8p4h9UczEMLNdIg
2265,NbilGRnaf0EIQ9TH
2266,aSO9bucTD3IHqiy1
2267,mDZC5gbSepMn1dt2
2268,muaSlnL2OXKPEzJ9
2269,MKJh5jyOs4vBdkEA
2270,ZTCxKoQfFI8PLDlB
2271,dUpZIvsEJt3ef6qo
2272,bd79u4oecxPWyjz6
2273,Dasl6WPR4CtSYjkB
2274,zkRugp27imIJYlHw
2275,xFungKcfs2Ql0YUz
2276,EmqgeTuZdK0z4iBO
2277,3LsGMHWwYRhAocgC
2278,HAZIGnkiywBpz71t
2279,TRSk73qBmhIEO51d
2280,AUbzxCLXv4VZselQ
2281,H5UwbBkm28zlqxEy
2282,4htn6AyC9Z3LJ8jc
2283,FZiU1WEJ9RL23vny
2284,ofnwm6ByltFK0LDZ
2285,jpJG7W8kPanlAZtv
2286,361rPIziUJqgEAl5
2287,gk9KRNQdMTVFCLcz
2288,tJMemOCah9r6Uu4c
2289,VWAclUj9onfRxByG
2290,7nC4LmAE3sY9tiyg
2291,4XsgT6OIuAv3WfZC
2292,TnkAegasDSB9N3Fr
2293,YN0WMQfH5sFGgdXA
2294,9YX7t2loEjDwVh6x
2295,8hdgkaIC3SwFN6ZW
2296,EbTI8mBQLXrn9owe
2297,Rkhn9ATVQlXbUa7P
2298,WXGd1DsYHAIw0gJt
2299,dDaXNLJkgbMUxlGu
2300,vNqFWgeGkV1U7LHS
2301,pqrfLWiVdYbNBHaT
2302,CjpTRIJ7smgXyaoP
2303,7VUGcaKxeys0tzu6
2304,X2pkOECoJqhb8dQs
2305,PSF3BKJ7mp9jCaET
2306,ILyvpRnmqABjkGg4
2307,MTIHclA3rz82sh05
2308,XBe1GY2mqUS5wD3Z
2309,9KDVaMwRzExrUkdb
2310,Hb4RwyOFJXNCit6c
2311,omaI9cQrHfyNEv8n
2312,PBlfFRKqj2H6gzZd
2313,SYJLEs1aBcfdTzD0
2314,Wz5F9ko0Uyv34mXd
2315,FeYlQBVx7ZWECfr2
2316,TRySCVpmexDzfaku
2317,aebvE3LkBw0OMj9l
2318,E2ip4e7qOr6JgIbl
2319,QNZjBVLywrK78YOn
2320,XHlMRmuI3vSp7rVh
2321,cmbkZoiOfSjUMP0v
2322,LDg370l4PUNRGuVB
2323,U5BjGeJzcNWHM7Sf
2324,KNJnBwWGMv0XZ12P
2325,xK6hQfrlOD19TJt5
2326,q1ixYgOW2NL4DvQ3
2327,H7O3zaGFLbCUtN0m
2328,QVPg7kJ9AUWHBbRm
2329,oVFzPhb4QfyXAUm3
2330,2BPrKFxUDW54wqzo
2331,TlJFbYP6QLMRoWIV
2332,zBNDuKw80ItUrfZc
2333,LI6uFM2Dw0mb7sjS
2334,QKwmNL72MAt1z9ke
2335,EbkyGcDWeSA5Pra6
2336,wXDGMfCAmLBpIqd6
2337,EABePLbK9sZYqO17
2338,WOjVRilGAKc6gSEw
2339,xHsAi5IcFKe2ZGOT
2340,0oZcGbFeU6iMKyT4
2341,WqaCg9iuGcJeE3Rx
2342,IxHUznjrZR6s4OD0
2343,G0bSfjEmBa31u5t6
2344,eAu42jcU7MdiGSEV
2345,GPLjNRMx89z7SunD
2346,XVLjEhOaDteKlNQZ
2347,wuT43foH7DnY6UVe
2348,IvqYG9TWD3UrZQ8t
2349,9MXBFr2Z4zHi36fC
2350,zbtfLKdhl4kvqmQc
2351,AUko8JcluZnwqVG9
2352,jFyhqiU8dZ2ItJRE
2353,46LZEwcfXHlMuyPU
2354,k9DERc2fKGyFJ5jp
2355,l9fYStHr2GkIQC5F
2356,OXwvspe5rb8RytSf
2357,hyCRYNoHWlXunQbg
2358,nJHN4lMftLZguvC0
2359,k1y3chnaxFdtAuEK
2360,5uzSoIQLlgHyYER0
2361,8HYAzV4PmZ7Bf6Sj
2362,St7pzyDPOEiJcx60
2363,M3rpEk6fNmoLQ09w
2364,QJLGCqamWjAydB6T
2365,bEfVF5pvSjdMcxgT
2366,t3OuC5BizFcJ0Y9L
2367,B1rihYeZUTO7QuFS
2368,zRFXesnc4Na9G8M1
2369,968vNnRhFO4EX2rp
2370,C2DFKYRimGoMIX7x
2371,N0fPnKjqEW5Yrxdk
2372,IBgXyidRO3uho8G4
2373,zGAx2vsbaI3NmFKe
2374,5XhwVydOTfRNmLE1
2375,yN5BILpU8xbkK24m
2376,KrLi0XRVoGymElUP
2377,6DxvCjNAREiHuye9
2378,w0bYmJ1OUefW7tHM
2379,KXwQ2AEZbPVCcgNv
2380,scj6FZbNIo31tSld
2381,0Usy6GdncJPubNOM
2382,hfl3nxmbeG6HLY8v
2383,yOBiVlK8GxF2h40u
2384,eQTdgu3plDAXhNWG
2385,b3xuZCIS2kN9spyj
2386,xC15FHRpvZjTMr7d
2387,OV5Atm2RKgiXCJTP
2388,2wMDduOb8CTmpsye
2389,3IG9nwlx40EVdfR6
2390,zSQHcZfiP85ohAD0
2391,01oLK6JMBvZipC73
2392,WwbvTtiazKhLfZUY
2393,bXpiFmNGjvIOA9P0
2394,nco7sLvI53BqjbRd
2395,Oc8bJAY0F2VUDygM
2396,4e17mWqhSJZGz69o
2397,tOcqINSsArpCVLbi
2398,q4kKX8I0R2fpODam
2399,Wc3ntju4DrxBqlSo
2400,CBkoYxS09mIwOAfT
2401,BtSHilEhU3z9JAuQ
2402,Al9JLEzpqo25nSfG
2403,KH7JXDvLpOhjdbwr
2404,cnl1YoxBmNEaLFGU
2405,HUJa9FIy3tc2wC8M
2406,Q9IbAklyoYGmOjNF
2407,r4mBwpJ2kRnyQE8K
2408,YgM6rWP40EB7GqDl
2409,4imLbvs38EBe5Sl2
2410,j0DTexNcHkSEforl
2411,lMXFhtnUcybCrIwq
2412,IE4r5xKZcFkiyOvW
2413,4ioMsNCZ7YUuwBgS
2414,caGzUelbv1gq5nWh
2415,N3BrbvpSLIFdiaJg
2416,3ekyaScfoiTzG5EN
2417,ijGmK3BREC7gJ16u
2418,rdTNBmhLlX86nveA
2419,Dp5L9H6jbVERgxSA
2420,jVxkK2EtRI7Oy46J
2421,4MPRubO5DzHreo3Q
2422,zhqu7AtowHpZefVl
2423,fsU2FQYTmClEvbH5
2424,8SrqzfijOW5hPRta
2425,OBHy70A19ESpIebg
2426,t7hpYRoJu9bTgQDH
2427,1kbUsOiwznjLoPh8
2428,0V5vMAEicfmOCDyP
2429,hyDwS7HY8VN3dlgm
2430,cb1PxEanMmtGp254
2431,YF0z5S1OjEbK49Ae
2432,mJyE8vuOnesIo4WV
2433,lnY73CsyUdFWAp50
2434,o176TsyCZx4OAHpJ
2435,blag7SBv1yXLJsT4
2436,Va0Frq4GWfYkZ5hH
2437,pHJGnX3jE0FfP8hR
2438,5Pc0rVWMv9dshqnR
2439,TXVf48JkzLCdyohr
2440,YDULOfCmTBX8kuFz
2441,bL1ez8rZNnKy79S0
2442,l9vwk1eHLN7uW6Md
2443,J2aV8LIUiuHC9pxS
2444,aAjTKOCGHm1EfeRt
2445,7D89LBTghYfAtblo
2446,uhZdYLlCS6wQEaDX
2447,sOe5SZ0xft7ydg9C
2448,eH6O8wtWaCGTfUrV
2449,4c0HWULQCzfJohZq
2450,b6RjXx02nUhciTHV
2451,rgpmU5YM2XwaSlex
2452,gln61bZHDvaRPYhN
2453,6Z5MVO8ctNPeJxdh
2454,rbjRvD40BiNYcVOa
2455,eSyAHWpk3EIxPGhZ
2456,Hgxqbod0Nkl8Y76y
2457,36n5LCJToeU9vlKI
2458,e3GBFDbw7zL2XsPQ
2459,TEcx1Iqs3zbnLjvy
2460,g6POHecfSDAoBxYF
2461,yjvrsBolKOVWgfEM
2462,ESUnV6YzxMst5ZaB
2463,tI3JYNZhEFvedwBL
2464,LUJdqfX30eNQ5KDP
2465,dLH18P7kDMs3wrjp
2466,OVYXlUH2FKspe7Jn
2467,wZUrLC0618EgSIeW
2468,9pZ7nax8IKJXA1Ck
2469,xXGBDCaWoKd95bNi
2470,CBaY6cbGqFk9wu4j
2471,EtKgjZ96Rc7VxpIH
2472,dI1CD0iugVoL5h2F
2473,BOaRyvex9rNKgp1s
2474,tN6kEsBz59COpfd0
2475,zK2USrivQGnZexB4
2476,5e2zrKhkIud0RNUO
2477,CFoIdDm4cJXTtPU5
2478,HU7PuzMafwrNJtTj
2479,9HtzDQJYSFsn8P5R
2480,qwE2WPsHN8ZTa9mJ
2481,hlnDRv1FdOse2Nk5
2482,GgE52AOTl7prc0ev
2483,oVcFJkTjXhLA8xG1
2484,fXmOCQbH42pusRDY
2485,aELd3jBKHvo8C1yg
2486,ojiBNEF7lyVTxJve
2487,hyBNzPI8pH02Lv1R
2488,9GMeS6wdga7AkJ8N
2489,R6o4lJifOUCeTwcE
2490,OLHj1hP3wSlb6AQd
2491,sxQtokwFiv0pPUNK
2492,gRkVWG41f9arqCmK
2493,xf54RZkq0h6WMeGd
2494,x7ZULcWv1oNd5jYI
2495,dublshp1WOeRqimK
2496,IeEiK71N8y6LcGrw
2497,mISJ7YChBPvRuFTn
2498,YLVA9m56by04PuZJ
2499,HU0uSzfG2jhiwg8q
2500,oRZxvIA7UQaFMih2
2501,Y0Jz2LWDoq6TrFsj
2502,HXjcofGWz9gn3Z2m
2503,4BRf8S9xjF7Lezup
2504,VlXAHTMmvWF5Ejd4
2505,biXMGTmwSJ7N9WpP
2506,0wtShCnW3rDIflFO
2507,e5amMXqfCRjwnVP9
2508,WIKg0qB8atCw1sQV
2509,Zk5LFOdTBSloNIj6
2510,tUNhJsHdCk27MZoB
2511,JO2tlsaBHmnNpg4x
2512,n0bVWzIHeqfTyhr3
2513,qvWXRosae06np47J
2514,5piW3h68BqCXeayR
2515,DWlIJOXoS3Kw9sNg
2516,SYUFAKMsOxlZ8Rw1
2517,HLV8DjpB6eCuYohb
2518,uK0iTsRJ3c4GrI27
2519,8rw4Wxm62JCipysU
2520,feqT8y6HKVPBiC57
2521,zxLAyVCsq8Wo3R0b
2522,qYjBCTnZkteVA8xU
2523,cU1TXP0rEjdRHxSC
2524,U8TRDlP5hdk6rc2N
2525,qJd8R0UCPnm2tyv6
2526,I5B6pG2tzRxJMsdQ
2527,gQXZj4SszEHobFr3
2528,DgNLoUZqeb5BAayG
2529,rlhVXgz3INRiAMd5
2530,Lbr2p9vq6S48TY0x
2531,6lAE31rIYhHovRwS
2532,ZfosLJpHhNq9dFvc
2533,F4BMa9jcLYU6ldZ3
2534,Y25npziXaGHPt3Z1
2535,keF1aqtQXM9OmT0o
2536,OZJiKeDSLs1gzARB
2537,NU62FMjTXeQBk3Ot
2538,g2w6UF5YEVOeMz8Z
2539,1eBjGt2TmcHx4PdU
2540,qmjIROSi8wfeQtdM
2541,wAkTrQzBHg0enRof
2542,nLIJEs1wKAC3ax5N
2543,VDnOXUhEtaNzJyf2
2544,1ZfJaFzcsgVYGrbX
2545,30Zil9SX6Tdz7Ism
2546,dLHO1e6UCgriQJ3j
2547,zpnQq0mtY9Fw7KjJ
2548,VsgfxvrFcIiHykjM
2549,s8CJtfBN2VA1qUjO
2550,bZGESc0NhnT5wHBp
2551,HBdJ7SukKqEtGRoW
2552,octFSx1aye0iWG63
2553,3C97qjXFr51UgZx0
2554,LqYMwToJWQU9zSG4
2555,YevwatZ5P34BgS8N
2556,OhRg8TwZid7aNVU5
2557,8dbPO4awftcGSJ6m
2558,hKBINA7S83JyPUZ9
2559,avo5tE1L8R2GuQjk
2560,Qzc58KS1DT0VOMeP
2561,DX6UjAZV7FSY9COp
2562,9F3ZkudHMPBYSXvl
2563,nE3Abj4s5gTdcVGF
2564,MdPB28ZxpSKm6jJW
2565,Hvk3xQJbr12ZYE5z
2566,Ae4km1HPMuLqjyUD
2567,24SivCy5zZMPo93c
2568,WuM9h5kDIjpCOrB6
2569,jwGRdmenb7ZLMlK1
2570,uWhfmL1ciSe72Irg
2571,Ia1i0YT2Ngx3nfQh
2572,NryIiUsBhM1c3GJf
2573,gtFYvzbca4nNQSVo
2574,GHwU9MzVn6aI2syq
2575,VfLdNOkEqKJg5a2e
2576,64SMHb19v8FJetPY
2577,H0Z7ruJIRvKzlqs6
2578,f6MX2vUhsm3BOFnW
2579,PjOaKZdXxCV3Hf7v
2580,PuFjGnERAgXazOcY
2581,5aOU3posiBtqbCw0
2582,10UvEilcG4uzPIbM
2583,bmwP2ZREcQpCDS35
2584,v0oeqkYw2hyMaJAz
2585,nzkChE3MoKp78mRf
2586,dvRWC5QJHrhzPNnG
2587,BHfwXA3n7irPtx0p
2588,FIfX43tO5LQwc6Ry
2589,CFHJyNieSQrsX3nm
2590,HM4ZhGq2DcR8isym
2591,XKryR1LwtDuMksej
2592,COFBsVYklI57cHN6
2593,QumEA7O1GClZxSn9
2594,tzaqngThVeDj5LA9
2595,Jt7qi2rKCUvb8BkO
2596,YMV6N0obqRwJDa2c
2597,3eVykNOoSAaRDiGc
2598,IBD3m0UQAbcWJnsf
2599,4BQIh5gT0VXAHoe7
2600,t3WbLYzZiHnxNfcI
2601,dDk40GfAvsomc5Pu
2602,E2UIDKFshcPw5Otx
2603,gwhRqT1UdMLOFzB9
2604,pdhF6DJWwsTCQUBc
2605,bW4tf6r7sEF8uMyp
2606,uzBlIAkFeLCKd9HJ
2607,ur4L8Th9l7XDnAHR
2608,fm4EdqRgKLAFyVQB
2609,XQhMEwGTmIzKBUib
2610,8lRneBXVwOHMfiIh
2611,GzEOTkAfVegPXxFR
2612,VHqm8ht69vIaAFzg
2613,fmTtMAUn2E1WZOsY
2614,9JOcgwPuUzCrNGtY
2615,wcX4Qqr1tFyL9gNl
2616,fQMhbyZCpuE10Sqt
2617,TyCsvht9f7UZqYan
2618,Feg4O92uI1ilscAm
2619,Nswph9KSLyAou0zF
2620,lnV5NwOL0HpW7mtg
2621,gCTmlQ5GNDdOEJY2
2622,EB0KwevRV4hy2mDC
2623,Yc5ZhnKCeqL8gW1G
2624,c5aPWF6193CSuo7t
2625,8yOdNAKWnJzC7P3s
2626,FSos09itBCdDbxrl
2627,Z8mAvekil4OoYGI6
2628,RBg7P4mrJeL6kpI5
2629,fdASaFWqkterJXK7
2630,LwD4mgMBcyrnfAdO
2631,useq3lCLyaAwKTXU
2632,udGWsnIf4PhC85LT
2633,eTEiHd1lo6jMzCYh
2634,Mw3qmSBtdThgsazk
2635,G0trCJa8jxulQmzI
2636,gNEyB1w3uQGfKFCb
2637,B3dUEpL2yZMWAt75
2638,qCtI4im8PRkoBx9W
2639,PtT7DsMy04ci9ANO
2640,9KnWNvFbIkcHgpTR
2641,lUfvr0PAi9CYVSon
2642,WCcoAhrfbLjEV2SN
2643,rqYLSCZI3Pz5oc0h
2644,adxlT9Nyo6ZM1fEO
2645,zk5aIZt0pvSrWyqj
2646,qOhgDbItx81cGrAY
2647,JWeCETQMmRPF4uNq
2648,lORQeVjMd9kvurxB
2649,rl0xSZGXiQcHYLkN
2650,2g4rF5HmualjV36z
2651,0MVGPHo6vJde4Dps
2652,awVsPNirfDQkpm63
2653,8iLj5fRIvFlwhq9M
2654,FbG1fm7nSjhcKeqp
2655,DKP6HeiZQur7pVbq
2656,c3JkwsxndFA6Xfmo
2657,gD8HTQ91zU0WpinB
2658,5HmBkwpX3vW4nIFL
2659,Y8lyxwhTLtFa9z1V
2660,5THpGNVaA4oPjnIF
2661,0ODaSwzkEKdiIV3t
2662,kOWdetSXJwqmhNIY
2663,1WvpaAsTojM7lN95
2664,md97UXeNEBtOa30n
2665,8W216G0zIwvRb5Ze
2666,YrjhxDO2bBeZWG9L
2667,6hGbIxZsJFnrmAuK
2668,PUYteAyS5j1NBMT9
2669,j5H2evABsQRuJq8x
2670,cUolpRNB2WHkgQj0
2671,6V9nHM4ysQZpOrgN
2672,eYcRlpxQ7Stqaf5B
2673,K2QcgLoaJ4lT5NIj
2674,pBv9NeyqUPHtXTQW
2675,ViFX1bORx8vHkKmn
2676,427d9wmpc38IjH0G
2677,Bk18xXrbiI3eOoA6
2678,G7DRSQOAadcuJ1hE
2679,Rt3xm5K9GHVr4QzS
2680,1hpH2oEnL3AvWPu4
2681,l2xoRbJXZ17E9WdP
2682,z46ONPVAoMpswYUE
2683,rtUjkeBIGR0vQgmd
2684,y8jFkZu5BJ7orCOd
2685,KqpQnwt5l87DFyjT
2686,ArTDaZeFPXVNsuRC
2687,PeD8ObRAF6a7jQJS
2688,hdfWgjMQskIvHeuP
2689,jO29iCpk6XQycHMs
2690,FOemqHlotcbPdUQx
2691,mtLguKMDk3seabU8
2692,DdoHwIN2WaqZC5Gm
2693,8eLo3xFn1wgMvkCp
2694,3eNmsU8QIzyqOTB5
2695,qHIQOM4PS0x9FNnG
2696,amJESrqeT6cyt4bB
2697,ABmCjiOe5LKd60co
2698,3G5IJ1beRTdo7VOE
2699,bgq8nUp3lOS9Mhez
2700,mIuiCBes3yAQw6Er
2701,PRmMocL1Ox5DNIBr
2702,7g509UCe4WLRquDz
2703,pKXAcWBDOUgTS1C9
2704,y0fzjOWvrePxI1JE
2705,RCniTUpDJmQh5cHa
2706,tz1sa5KEVDoSN9fW
2707,Ikjqlbwa4AcpVtER
2708,rAuGNzJOHw5Fjo7l
2709,MktdqUzgp7name1K
2710,1fEWR90cwkZgHQCV
2711,f8M5k2RbutY0DQAp
2712,A8gloU521C0Emvnc
2713,34Fojl2fXsh6ND5q
2714,5yhlaHoObTt3vm0F
2715,ZYapbnzeoSWtjuVG
2716,WialxThMKCosXP6B
2717,5XO3Juhd0nSevT1V
2718,RmPhF9M6IoOVcpG7
2719,EyQMOnzcmAWU0IsD
2720,mLGoQqzOj9YP0Itl
2721,KpIjqP0yhgaA7YOS
2722,UoW0aLAQrSEFy2hR
2723,IXG6xusLy5QUO7MV
2724,bFmZGMpnUiOdHBjf
2725,mK7kw3lGesMouPNY
2726,xwAI8jGg27fmPDc6
2727,E8ZuOwTkRsxFe0Y5
2728,AFUYgbZJEN8fupLR
2729,bPYQ6AnUpJDcwEZe
2730,wu0Jzcq5OHRsvtmU
2731,ZkLpIw6YfKu2DSix
2732,VchuYkoDmG0UpbC8
2733,o8IyTNCO0qgYmRhx
2734,RxCy3cNOpILaA1Ee
2735,lSxZoXdGc5T0CBKE
2736,OdMI7tPLTH3AaqNh
2737,Yjac0HAKWVOhm47Q
2738,wAJoiTb6anPlO14Q
2739,HPdxfM1ilNWCSR2G
2740,tALcQ7fjDmu6Zh81
2741,Jw4lpGUCuY2Lf5F6
2742,M52dgCpjIh0PNock
2743,CME5y6jZRJkxnrup
2744,RZ6XSQmIz0A1GB5c
2745,QIFBfwjEd5t7lNx4
2746,NqZVpmGkSHJQjWbD
2747,eUST7zs4JXquw6YK
2748,fPuL72JwSolds8Zm
2749,NEmwtIkgA71Yp9RP
2750,CzRBm8q5PrWM6LG1
2751,ncpyuM5J1olrZDBG
2752,nUPg1RfAF0MqOGNQ
2753,uvf6Jb0mKtp2jGIx
2754,Ns8X3JGBvS2kUhbr
2755,P31QlRLH7fOxdM4K
2756,sHSpXAxZNFUILVoi
2757,xfeZhXEjGmVIARFO
2758,ANplTyKi7Mzd80eF
2759,nLyQJMGzcph6ZRjP
2760,1QBmiykquRWAz5GN
2761,gLT63tWoauCHQGFJ
2762,ar69SPbRzXuQhTcZ
2763,o70j1iXBNAQxtIuP
2764,nHANDuyfpBgtxzcX
2765,OTxY4gsC9wyoVMv5
2766,UvGNCSh8jpXTKZaV
2767,ZiECRyuhIUN6DQW4
2768,eDoLayM9G4TzXBvx
2769,07Wiw81r9PTzpSeq
2770,ftOJQz1U9mKku4FA
2771,oAh25yP3Dd6S8wIL
2772,VMGBvkgXyrZPSJ7x
2773,CNISWAyP8762pcdn
2774,jv26QTR78kF1Xmbo
2775,NTua6xHcgzibRUvm
2776,phoIskKLxqRzMQSg
2777,Tf6Rs2vIH3MCdLEm
2778,uU7ipYBX9AljL5GP
2779,8YcxHhmg1LE4CeOl
2780,U9F8RdJPTjBWClon
2781,iyj04oz3plqOKHCb
2782,t4BrpAIl9mWDRFKu
2783,IfNX3lhbpW9O8Bik
2784,SzbHxcGoI64K52pg
2785,RGHxMkKasneETSVh
2786,MzhPnQmdOU36Afu2
2787,rygQOMU71uRa0AIe
2788,YTIV54PBtaqZmvMU
2789,TrRavEoUwuPBfe4I
2790,NS3gQWPiw0ZOBDep
2791,Es5We9jFOVDtJIfg
2792,pfN28RUIjW4e9udT
2793,0ysZwPCbRrt9E7vF
2794,PKzrVujiEeU5o8yp
2795,tRYAnN7lDV6FxLeZ
2796,vrpcTiWKXtsREkob
2797,23N8O1t4loBrZWGC
2798,4qOugSJcypjdA3Xh
2799,Nuf64oPmnXkvjDiA
2800,mGjoVq6SXdvW1PbN
2801,SMRuq3V6t7l9ZH1c
2802,YZw5Qljd0xDHKtIb
2803,WLnhupPEjCfwgeM3
2804,D6LhVWNvRoHplrZ8
2805,dnIhG4Zbx9qyLSpk
2806,wH5Mif9CuNO7dJYQ
2807,Ol6PBkpvmL1NzMyZ
2808,uxTGCW9dkESByqU7
2809,bKj5G06l2V8axDgF
2810,E9JKopQ1TAaDeSOI
2811,SuL3OH1ZQrx4KWsP
2812,FPvgXUlSGtwM8aHZ
2813,HxOK30BGj4RcMhfn
2814,UQgtVMRwky8r2FY3
2815,s6q7jhn4ITR3JAQm
2816,LuIhgordYkXTwe2S
2817,63EfUwaIW075yRlX
2818,BPE5FbhVnkT0YyiL
2819,EOUXi5eHvrTdtS3o
2820,oixSbH8N9PQewtXY
2821,0Cnw5426geTNSvVa
2822,hLlf7RpsawN03oXV
2823,QjWywBxPHKgbFSX9
2824,ZvAICwxflSG2jnEX
2825,JBZrQaY3hDMTo80e
2826,P3l7yrZjnQGH65Xk
2827,Ef3ydRH0bJBr9GXI
2828,K0OoBe3pjGrbWAVm
2829,Ng6BsQaXm5D9FZH7
2830,UAfnKPu4Ge0I7Vhi
2831,VXAGxJbHF2MeaEZ8
2832,7gwHWylnISrN0kv4
2833,RWxwhi7qA6XtmQfc
2834,SIHdAjMWiXkEBJYF
2835,yUNjukhq3xmaT60P
2836,02IyMG8uxdo39Sep
2837,Vfk8wXQyWpj3Pn5m
2838,XGhCyqpsB85UYRPW
2839,5FPZpRSImt0ziGQl
2840,RsmpfjUFOvI45H73
2841,BmPY3nMqXFupIyhH
2842,oiCRxm8gXtfyN5U4
2843,0V74szwQu8Ly3v65
2844,XzLZY3GUOucV8rMK
2845,K2nA46lzoQ98GrRJ
2846,wMNUZaci89W1xbyX
2847,AIg9H2FpxYjaTnGm
2848,1gVeAWpb360inGaT
2849,DK5f4qBuWLo0MaJi
2850,Vu9sQaevCh8o1GK7
2851,23LCIyHeQcFKTZWk
2852,7iGo52PCXTH4Qxg8
2853,0lHGYQDgL8Ikcohs
2854,7O2ZKhXvigfse9EC
2855,wIgmP72oRxtOcuvM
2856,ZQ7y3DIjtJekFYiW
2857,0r9CpzTmPXqAgxEQ
2858,7qNYCauGROTr8Qs1
2859,93APQpGUlW7fONYt
2860,SuOE3IdKofPp8UtW
2861,xWyua1reEbGPfIw3
2862,Gj1dSFAEuYeOlynk
2863,rG6f5ksVLq7gEZQ9
2864,Sv0AMmHVrzJwBRho
2865,D9MBqHaIwclt6bhG
2866,Zaji1F9bHRMJQVPm
2867,vZRCQTi2fKr6FzIq
2868,7USTFedLua5ZVigj
2869,KTlNQIgChV5ZuU6L
2870,L01xPrdkbqGwV59n
2871,YzSZKtpHM46QjurD
2872,oBZLvD5sXMHb0Otn
2873,nJQsjU4y2H1kLrGA
2874,edakjUTiV815D9n3
2875,zmRdGpBrUjT6XF7Z
2876,a6ZmsUl4ECY2wVIN
2877,PQ34XwyzFupqIJSt
2878,GyN1iqw27Jeu0FYB
2879,17qXL20aZAJOTSbR
2880,WyiGUNZgKTol58Xq
2881,jm094UZcs1vPMALR
2882,3PiD7a8GHxSEBbde
2883,gvtOnDPY96RXo0Qy
2884,QPOiB5Xpq0UYxS2a
2885,gwGqb9xnFC7f10QN
2886,Y5qaJM8Zw36ehIHr
2887,7BFMwdSPentH2aWq
2888,Vn3vtgOMlsPUjzwX
2889,l1q5SxkPopvAhtOj
2890,4jHZGS7aJW9NK6lt
2891,tSTVyvmudf7FaiWn
2892,bf6JrpVqLhYgU9TM
2893,oIMOs152TwDknFfu
2894,ipUFjxTrwD1KXN36
2895,jouVd4Ci6ftNXnxm
2896,H6dblD8RuKJrXv0S
2897,VZsDjrvQ1fa4bTgK
2898,9hZS2REiVCFm1f5D
2899,51xmQzIL3XHFkg9p
2900,ny1rQ3EBeZwLWCPD
2901,7vM80CGmhsl9RyOJ
2902,b5GXCEcIDhVa0Atm
2903,6DHPT89ViqfGyMg0
2904,yKlcrCHxegkIPqE2
2905,BwjqAJ2vpy5oeDmu
2906,SYzs69P17bCq2ugI
2907,mNoJ3lfQpVq10tyg
2908,UFEz5xrhAujyfv0S
2909,C9EOuApMrTXHx4Dn
2910,GD3rqZSFg0sCUWcM
2911,wsR6HQn9tb1Kf5dU
2912,zKrlOWZIRuHNvmUk
2913,VRKsZI1nyT459YAk
2914,LSPiezxf6HuyZ0OU
2915,8e5YDZaKtxSfyrz0
2916,ZiuXg2qlck63NHtF
2917,uqij7IrxCB21Rocz
2918,wAPv1NE5VO90oBrH
2919,iGqakyPAU2zNVQL7
2920,WoM8c0H6QLkEqtsX
2921,WqOLTAFP9IY8znVH
2922,SliTd592tUHeavDk
2923,IYtsauOBgTQMlvDH
2924,tTEybxfKDdaU6Fsp
2925,8UgwTxZPWsdA20rM
2926,ArmxNdyKOVujqH9k
2927,xQAjUG6NfmTedt7D
2928,dkrMiYO6D5snFXSq
2929,QWJMiFBpIOvz8gjx
2930,OcM3l7rQnBA9Pmhy
2931,1WRqG3AxZeNi6k7D
2932,LyVYAIm3RdoTGHPu
2933,a8folYO6wUzDxEH3
2934,3gcUd6eFx9AX5EHD
2935,NQ9jeRDK1ousVzt5
2936,SKZDE2wJiaLuB9bq
2937,aS25bFYtwu3WDprR
2938,JFaZRXt4CT8k10PA
2939,9Yp1u6gL8CtKZTH3
2940,EvDTKL10dbhSa5gB
2941,xXqJTDzNngbRfj1M
2942,RsmDu5pbHo8tvcMk
2943,LIHwoebFsBv9pOz0
2944,6ROm83kcVCKYgxyM
2945,xSI96t8bgPkTRsrl
2946,LB0I3xqC9iudeN5o
2947,zijFP1sXp2Krqu7D
2948,E2QAo3UCiSdRHMhg
2949,QbzGwYkDUyAf2BNd
2950,NVbZsSQi03Jnj8eD
2951,4urNQKIPZEWac21J
2952,cJ68MbA5Pgyk7vEY
2953,pRMPDVCNwFchQJIH
2954,EoB5gJpTY0IWZPQH
2955,Z3EV8bczMhLjJkHK
2956,fgUi1jpe8I2DL7wh
2957,uR7CydUDGosZmjKx
2958,MYD0wk4e8aHdybLr
2959,32vdIynrfxK8ReFu
2960,N7zYbRLFInsEQD3a
2961,jOs2vCN5ZW4XVk3F
2962,I9dvxBCusF5eH3Lh
2963,78ugQchTICDYWf13
2964,oCuyDAw2vEr1ZJeF
2965,2yiMdQoxgn4czKCX
2966,nfP2GM1jbKZt5oNy
2967,uckDleT30srgAHvY
2968,4ZG3TMq9OAEhIugX
2969,UoGJzdOq4piv93c5
2970,hZQJXIreDLwWB9Kq
2971,2kU7XHJiySVPdv5w
2972,GopfrM5N6ktYjagw
2973,uZ3zxJNpjytgVv1A
2974,fQIAOyPCH5VwmFT4
2975,XOGthqSkDNnbfgxs
2976,wn5NzTghO0PkAECI
2977,F7LAz1l2etWImPaV
2978,SnpgJvdwWLeQ8fVN
2979,ZmFYRjS5tsA6MXQl
2980,2z3peasjNdmWtB0x
2981,xzVZJCfsMKQ5FdDa
2982,i8A2LwRXOrJ37W5C
2983,h6rYqix40JSoeDQk
2984,x71WltUDuMrwQyed
2985,bk9PxzG6ofwa27qK
2986,Eyb0LjINtvu2G9Fk
2987,A1DdaTLwyrb3hfGN
2988,T7Fd3OwkAtCWo8Jz
2989,KOajLE8ubN7ZXUgH
2990,iO1R7d5SeZpuHDUa
2991,KQnlDh0IYcZjvitB
2992,jGe7T5zHFIqyoMkf
2993,bt6cO8frQmnjgZxA
2994,PmX5e2wqZTMWVhok
2995,PkMGRxe96la1jZFE
2996,suapewA827qmd3PX
2997,wH8aoYiVQzZPENAG
2998,hWHoXLDbE84lyvMA
2999,1cCyM74sa6QKejgR
3000,5AvgTdOhaWwXFHIi
3001,ND62dY30tKUkRF7b
3002,jW1cgLbT7izyrVvt
3003,tHZEoSsukjqLzry6
3004,MEKeHC93xUln6zqF
3005,Lm1rTGOe5HDzCo8Q
3006,ZI0bQUO8pKxk3dTc
3007,FTl2ZGKI3UqN0vy4
3008,irc0vVYSEBjtzTNa
3009,2OwRb3nmVcaFhJxj
3010,lDosk5LyqwvEWPCF
3011,aeK8Aot941kBigwE
3012,SdxYbHTPMJ8ng7uw
3013,hRGuyOED4Xt36dSo
3014,U3lhbe2DjgSGwpuB
3015,sVMGhd3qJgWua8UI
3016,3epZlXJwdBARPWzx
3017,KMeC2qVXITSFasdr
3018,gxS7WiPoumqVdk54
3019,YZco7spHNJ3hyGda
3020,HxavTALUSqe675mC
3021,Kkt9zZeb7y0ouqLA
3022,q7QZHSRPj8N3xcl4
3023,1rILNA8dUjSXn4vf
3024,ceQ4DbdYgIfBkz7E
3025,gFzjxoXGhE5Tu9vJ
3026,nE9LtY0meqwpXIuh
3027,PI7EmBAW0d3qv81y
3028,HfD0gO5S4C8vj2J9
3029,RbLCWksgT8KAVBGZ
3030,psvfSL35uoxrW4Qa
3031,vLnyhHZ1uUmJrVSQ
3032,vPd38nAa4LmIEFyR
3033,Zb6oEifDp4JQ7Ik3
3034,gvWrzSJy5j3e6cK1
3035,BWdtExoTDzrvPUJy
3036,0vf8UjKAbZWirt1M
3037,lBQHs6n9P3Z2imKN
3038,rc3AkRxhyOJUXqFC
3039,Bw1exQUiqYlmcMJS
3040,BANF2zURVyKHxq0G
3041,VDjtMTURmbGPvBL3
3042,lMnNBaT2zO8Qd5v6
3043,H3uKnDmr1kdxfazE
3044,Dh7A1szb4X5cwRlv
3045,ZrqTEgMXtNIVnSkw
3046,pPU9hXaMZAKBDibn
3047,BQyimwOuThVlJfCt
3048,LyAV4m83NeKBu1ab
3049,LpMGwN0sedkh4rqj
3050,qOHBmlogf89KzFJC
3051,VjfuSioHq68PdtBW
3052,4ZnYDgk7aRuJtLOp
3053,hEjHT3fKzaG1uBAn
3054,JKRg2OrzlLfDnANX
3055,ksrvCuBYdpo3SRqV
3056,iXQhCHefolKPs9Dg
3057,SHrqKYJlRmMfN8jh
3058,RExdGjpBq5S3Hkm1
3059,ejRQq0OaDNG8c9Lt
3060,mOr9lB6dzAMFhK38
3061,DPZLRsV2iqU0ou9h
3062,DETnWjmd0vhZIAwQ
3063,x0XinEcV8rMReth9
3064,WQvJwx5q3msEKodR
3065,WG8kqmYXaRxlrjTg
3066,XnMcNQHOaE1d4zDt
3067,uIVGCXog7n4rN5mp
3068,nPFXBcJpzaQj8HuN
3069,rg10ShTkDMEYpaqi
3070,7894xluBsqNmCWRK
3071,VyqCzcDshvtNfo7S
3072,0vfXcRz4JryQEbaT
3073,nrZTRfvklYSBd0ez
3074,gU4lCkIyruRPY206
3075,bWEYrHToVj1xIezs
3076,CyPJXOxKtIFNBcg2
3077,Toq9nbgjaSkDvCxK
3078,I5nxisQVwr63HM2o
3079,J3gfMTB0qko1nUGD
3080,q0cLtU2ICWj3na9Q
3081,x5ejMfAH0cryJ948
3082,ZqfprhcjJTyKiOH7
3083,m9iZBIY4RnN1Gcxb
3084,2Brt9oSyT8vJcYwn
3085,QM2uHOtSgcKwj9yG
3086,fGDw6SYIsEvoHi3m
3087,fRwFdJ3ApeH7vVbG
3088,RServAkYOaG4HI2K
3089,JouyWISC0mnlEPYV
3090,Bfn9OJR286ZXq0xI
3091,wmn5TQqF0etcPWrg
3092,0KpF6SG5E4taVfRb
3093,xTAQdwLve23qgVoE
3094,WRGnbL1HvgT8NAQC
3095,y2j9g0KN6farIdQs
3096,h3PuEiKZOdqm8zT4
3097,Qg0iBNPdunEhl1Wv
3098,GBVzovrcb9L1jMpu
3099,lxnRpzVa91E2kugC
3100,rhd7gDxJQbX9aZyO
3101,7TjC2hU3fIM0gHFR
3102,SVafqxkDzb1EZ7pG
3103,4JHl3C0KANVMS8G7
3104,QWz7e8nu35FBVlSA
3105,s2jf63UNVJngApLt
3106,CU7XEKoc5VjNgAF6
3107,lKIAUqsZXGHEYgBf
3108,S7W6UpfoPEAkmzvC
3109,7gqC5nSp1GlXo4h8
3110,7i2KkvFZ5f9ShAtR
3111,3O4D1IRG7qg0HyJN
3112,I1VcMklGaqX2xW4v
3113,KjUvLzns3FrJiage
3114,R04qYEuSWVwxH5db
3115,Us4xo5gVQTmFdwIH
3116,MevQmtkagB279KHR
3117,D1T074zA2ZJ3ibyK
3118,pbAG8kWP0XSlYJCy
3119,GN4q5sIrKgeZ1Xtm
3120,UW5bX78RJOGC2D3h
3121,yMbH8JgRDFzAhjXW
3122,AcP7tO05xICfLp1Z
3123,6Vs7QJ2r5fWt1qFw
3124,YnqktyFb2pW80h57
3125,fVwaQOxd10ygG6Mm
3126,39brjP8nJoIsxRXm
3127,YVTwmh6lzgeyA7Qq
3128,7GZeUdsENRD3mihu
3129,Yn3KzaIvAqMG7StQ
3130,VhcBbTsJ5HLafyFZ
3131,R6fgUEAiHd5DFM2h
3132,Abw2ltOhG7V8zfUc
3133,Jy0OItjNWEPpf7UD
3134,mZn7elraDhIXATOS
3135,Ltw8kfy0UzpVx9lW
3136,gUELm0MjD3WPvyS9
3137,6LdiOEoFWNznah1f
3138,5uycg7zsWKb8LxV6
3139,CBQF9wRcKZyJMmrb
3140,xFX7zwNEq90GsOhW
3141,9h7UCblnYePD2xtS
3142,GbEsxm6f0OCRAwnt
3143,Evo1KhA7VD4eY63i
3144,2HcSVjbtQeXh1ozM
3145,rfosbmuQvOLpTBzY
3146,HiWMzgEaspq50CdN
3147,DvGCRIMpLEwfoNli
3148,e5cXq0itQKMGLRnz
3149,T92ZKWgsDFcmpR06
3150,TH084iMLju6AXvsW
3151,uA0Wct6H9ojphPr8
3152,vtwWVX4TjamgcDks
3153,N1wi0MKnILcR2X6S
3154,I387TtKaDYVM1nPv
3155,L9rKSODAXURN1bQh
3156,OmaKUjwTz0gYAWRl
3157,A89ezrugDi0WfQdX
3158,wYCeJo9qpUFn2KPt
3159,pygUhs3QPX8Je9fx
3160,8NjyMdbo7LUKnAVJ
3161,2dVimRqKS7GF0Avw
3162,zkjw5VeOSN9mLD0W
3163,L7EbwF84kXeMBsdu
3164,eTrHl9oq46nLUOzy
3165,6F4KdinXZlAEbM82
3166,CbuMwZ3HzR6WJBTv
3167,KGx0JgI869sSfBeX
3168,a9VuUPYxWehrmAi1
3169,By61s2N9hq7t8Eew
3170,30QGDkBVgL14ryie
3171,JIZXkydoxamNKCOS
3172,0yBEdhbJ4tF9licT
3173,IW4gmcKDuaiVGl7Y
3174,4hbMna6odC3XSvKp
3175,s59hcHFBvq2PTUm4
3176,7x4wPvAksdXQJ60I
3177,J6oLbU2kB9WQhSNs
3178,eEHLKT2OxbGkNjni
3179,5piHNGnPRqvMQDSs
3180,bKQdVSnYR3sjlCBP
3181,uRl9VGKTHt8Js3hr
3182,LoiUeVhBvxIrg405
3183,r68mwgHNfG9DCnt4
3184,o3OqleHi2Ftbkuzr
3185,7nT3JfIZO5sLGNRz
3186,K3AIix2bg0asUdhH
3187,knRtWhp4CE0dc7Ir
3188,M6VeXx70TKlJvRtr
3189,czh0bnM7TyGmVKH6
3190,2fS0rbgFHYwevA17
3191,Mt6GbIkcZ0hXrCSl
3192,hRwmL5rM8jenc1vt
3193,cVOoTQkLb2fWPMpm
3194,B6kHs1GVaUcSoPRZ
3195,xnKz5UPXrtEv0HZ6
3196,IHSdJzLmjRe5ZBgU
3197,tpbyjPo7NlIuC5LO
3198,dmBA5czCjyhIsPDp
3199,F59WmQ1lSgPrhLcz
3200,WR4ZYFtSods0rBwM
3201,YKPbFWc5JqmtVIy0
3202,fVTFhCpKvu5Ic7sD
3203,7P2bqU4yVT53OJdH
3204,stX4EcwDMhmCrF1R
3205,tKJRd8qBkXN5l6Y4
3206,rO2XUnzxA4M0IJsv
3207,bkT7sPlEic3fj9oI
3208,dBGrTeh8U53QKXg4
3209,K29W57xRYUrbDXVp
3210,J7I0ODdplFgs3tiY
3211,N2tiSZrb6ogYUWl4
3212,s3HRkIOyfrdtbqYC
3213,caqdPOf80nsVjbvI
3214,rHlDN6khUP8QwMAa
3215,R8rChsU4DckKA10P
3216,O4LAFNKka5xyp3XB
3217,VD7wFPJoIMtUS9p6
3218,SC2hZ40FLszkUGDg
3219,ln4KTFrVbgd2W8aJ
3220,nQRO2U0ZYa38BI5i
3221,TbC3GwoSxZgtmeiI
3222,L8oMp3C6GNe7lI0D
3223,EFOAt4oSlBQJNX8M
3224,tE9XQIolpf7Ogv0U
3225,jDr2Zseup61Flyni
3226,9ImAqy72lPQe0OCE
3227,fhbxBDHX8mJo4pjZ
3228,NAHr5dxvtsDhPlRm
3229,8MqcHFlo0uEavrGm
3230,9fXQm4dFyHI1LeCT
3231,ynAqW8objtQJrIMU
3232,nRbUvNwqlz7pJAyt
3233,i32VMmkYpNElWyHu
3234,eIALqRnNJs9yOHgp
3235,JTAWztjKvEMmf9Hx
3236,EJ5AcdTmi91PVLuy
3237,0FmTeNQ1UZG7qsCp
3238,JBrNbn9fuLlw6QUO
3239,dFD58vkH4uISsLZA
3240,UDvJOHwR7z4lrAIS
3241,AURiPlnGp7CKr3JQ
3242,O8HtQd3NMZ4TemnG
3243,fRkCemN7LjgMGSBY
3244,I6DPAiWSX4fha29z
3245,2vo3XyU7xYahJ5gP
3246,LGo4xzeBRcuCTtPS
3247,c7dSBFbLiTpvonA4
3248,37f8sTEl5Ki0DZ4R
3249,l4r8HQZvbipd7kC9
3250,erg7aM3Eo182RjKZ
3251,1GbzTKYBvItJRndE
3252,GF23XvEdHOA56SJx
3253,I4LF7CBzqYm3Mcgr
3254,5BNrw6OUz1yFMkch
3255,Yl34LInaRVSbA6Oe
3256,TI7wcbWPiA4Y6zoq
3257,Xr6zEpo18xemD0tj
3258,YG3qKfrELRPp5odC
3259,RqB5rEuUz6XQmn7C
3260,SKJs9Xo2I1a4c03U
3261,fhtJ9kIZa3Y5clEo
3262,YTjl0noxBJOGXDZI
3263,Oxi5SbXDQ8EF9jk2
3264,VZl3ERphKDIB4v2m
3265,7WPXUyDgr32LaC9p
3266,cs3xdrbFytGn1BQU
3267,PBFOto5mw938zxCe
3268,bcR72qaWemHXAGY9
3269,rbOsuzE0vZcqG7NT
3270,1xMGhQD8aEc4vSkK
3271,49zA2ay1LPoWx6pw
3272,jgo8YPdKcH5yZl9A
3273,zM4kXCnxRF0LuQTN
3274,2bS6drXOgGR51IzQ
3275,g4tvfbnaDC06khNJ
3276,wrI9OcQuiAYkZv15
3277,b8EcJUj1xGVCQ5ZA
3278,OVnmMBgZReTSrdyX
3279,UthnEirZpNjvVumR
3280,0JNWBIxdhS2CTa7Q
3281,koj8yeXAMEf52w7Y
3282,3wJubygCKEp1DxrF
3283,zS1DKL7MYi0T3XaR
3284,3FOBPH8Tj2u7KhYd
3285,CsIEHSwp75qDyJkV
3286,qcSkJEDguaCFt0Bs
3287,B3wge6nWsMTxNIEG
3288,VxGvSeMoa2DhsXFm
3289,nzHjQ9N30wmAgiKc
3290,eZjg20rF1WIyPKcH
3291,slgXUmdkoNRwZcy3
3292,nQY3Soa0yMfjZ7xH
3293,t2serZpDlva0yWP1
3294,HNBdJhVvL256Zwfa
3295,LlWQsPqfG5d4pzD9
3296,Nh0aHnY4xK8Q2XEy
3297,9ZMlOWy20KUpLTYS
3298,pP18VREGyCXdZLmn
3299,lkvLdwDYNx0GVuRy
3300,O9gKW48TQ1GXkIaf
3301,gl2VsK3uxQWDR8JX
3302,QxYZRWE2lSJrwB7C
3303,NvehwHgP5nWjBkRM
3304,1O6loyLfAEBrqx7j
3305,rytuaYWSQ70FAcL1
3306,UODwmXeLdr3nWtgJ
3307,V9kLq4YB0jDZyfwN
3308,R80m4hO96IkEsUlF
3309,uWxKLrjSvVsRCZNA
3310,2KsWISX4acUACiJR
3311,2ywRTCKFNsmU9A3h
3312,fOCZGuPsVy1Adx0L
3313,NOKSru1RqJHIhgj7
3314,u3aU0BpVNgTw1yxk
3315,L8UJeCfGMplV93YO
3316,9CuPEIVtFwNRUZjW
3317,KNETfnpgbVIzBJ59
3318,7kZDijX5mq3SJrET
3319,ogL03Nu4KWrFXSfH
3320,x8KN2Tunq5J61lXf
3321,6ubNPZL4VfBWMUpI
3322,g3BieIhMKVHRZ1nd
3323,4k1TljKYzWFERG7a
3324,5YnbuSQ1VU3erTiW
3325,XxFLAISCUh6jkbP9
3326,DWQ8jv4S5aOKpExr
3327,oIn4ZTeQsu2lXxLE
3328,qjgf1OKpzLMPAuTk
3329,4upqL6dkjnbrlf8G
3330,vZ7ngAGjotqyQ2dW
3331,Bf2C3ycqjAltzoNS
3332,jbNws61dnV8t50Mh
3333,RGHMBAiTap6ZJyvt
3334,vPcEieSQx81WnBdq
3335,NZuk4QOfK5V8maI0
3336,VPJLU3EhdFrGNYj1
3337,BM97fsyGTHzNhxX1
3338,qpryEx1h2jeRH6oQ
3339,ilnvJfGjmQ29u4k5
3340,1Aw9apblkDsu4x5K
3341,53XwjAcE9i1exOdZ
3342,OiU6QbBquhNV9pca
3343,64CoXjWFHZ1t0Ifv
3344,u8BbNsVJC6WRe5q7
3345,jKFd7wab2xRgP08s
3346,xqjk5y6AC17zhMcH
3347,r2DcTfMnSYFgUxRm
3348,Cpy12u9B5kF3qzRY
3349,DGHx7IeNYy6QUZqp
3350,hVeRoLzMAKri0UGy
3351,k1Uw2GdrasJAB0oK
3352,ekqAj3pDsJbP6NO5
3353,JnWyUtkfe31uvaPG
3354,3wWJEPYxuevUp61l
3355,B1QX30fgNL4VUWcC
3356,yEsoi8QFma7H62W5
3357,KBAErVWLIXSUwc83
3358,X81oqsJ6hnQAumD9
3359,Q8hRaIe6pVc9Yguk
3360,40iyoYhQlvkwGpeI
3361,gpGzeUdKFy2OZnQ5
3362,6jQumq0hzskXLHxC
3363,z42Et1WHYLXuMneN
3364,ZFHm0X2U6fKutw1G
3365,EXglq0u6wTatS8cL
3366,R6fULXrzWPiMuvdn
3367,V8AfnYGRCMd7WPkL
3368,okzUcdV3eWBmJZTA
3369,km7wr2p3fuN9LM6o
3370,BhaSNo59kDdZC6Az
3371,Et6pKRDQqM1yckvu
3372,Ro6zLvxylcmNWF30
3373,SsWltrDjKv1q9ECb
3374,PNfl9X4W37SAhbGL
3375,ZYDH5LzlRIUWusch
3376,wbPemqjWg0VEZNJ6
3377,9PcFsaGTJZ2q68nw
3378,HbvlVJeTYRBsfZtK
3379,06TgwjUIBv2NcbKo
3380,VDnB2gZxyNwQ4bRG
3381,aYvu1I9nMUZWl0Kc
3382,UqZe9WVo53bwzSmT
3383,78YO6DZMrHNp9PT4
3384,G2zYW6QukRyx1pIv
3385,e0vD7mr6TkBnCcoh
3386,VLWSusRokUANGf9O
3387,BS9zWTNpKO0l1x2F
3388,usSRIODGy7VHBjCq
3389,nP4HuvrhIEGMSw6c
3390,oOZEe1txL0pIPmhC
3391,ACtEVQHJ2lsW03kR
3392,VkT3EmXsB5cg2i0o
3393,gu7slxU2dBr1L3mI
3394,lLr68dOSEmRzHhab
3395,1khNzMibVgF8pdYB
3396,7DqngwrfYyUZJc1B
3397,nktmu1C5VUbx2jv9
3398,1YVqyLJ9slTEk3nX
3399,Ijg2zKyFOGqsYe14
3400,NabQPYmnesvKDHCW
3401,hZPI7zAtGep26yH8
3402,hZYpkVsCbBqI74XR
3403,v6Cm73c0HUTX5bo9
3404,hOz5oBZS18gi0fPb
3405,9abpGMsVhIYyRFA4
3406,GjOPoK2FhatipB6x
3407,VIi9lKdnBzwTraFR
3408,xWnk6dyUODjRmzwV
3409,i2z8Lbk36nTKERtP
3410,WcMkwHy6RrJKeNSE
3411,nQBYPHZNEehkAL0C
3412,xGCN8BIO6jmRpWFZ
3413,uxq4aDheFyQsnPOf
3414,c36GlFrMNgVnkC18
3415,lMdNKVFcC8iXqt5B
3416,bFwjmY4pGuoQRHZA
3417,B4WKUq5Q2CEFzreS
3418,dqKXvcG3Vwh58FlY
3419,GMILjkrbAvdKomus
3420,OUuEtvdGHNXYyKCk
3421,8krKNM6YyjTFB7g1
3422,ZDjG0BR3rAubpfIv
3423,m7PGrQh96nCBNjEv
3424,i0RWBIlpfOgvZKAh
3425,jY5t28XHwCBDbSls
3426,1uXvNxSCLPmdZl8g
3427,YRILqfK35zTthU7C
3428,cwLHMfESmlF9Rt63
3429,f5ERthNwDq2CL9M7
3430,RIxG0nXUJfEckhHL
3431,f4pdJKO7HXrLyhQU
3432,cx7S2FqhOIYs1T8k
3433,IV2mLuG5b7qeByUJ
3434,OoQr28DqTU0WtKvL
3435,NA9sZXEvz0FoSJck
3436,Bvc5eb8rg4PpNaqF
3437,DSlwRmAkat5secuP
3438,um0zh24xQsd3GWpR
3439,t0LPWfzlhXdFG6Ub
3440,ChDQ9otr8NHgmuJ0
3441,2Nv3dHYC8VEaSRLu
3442,oGX9iYK1MAP8nfJT
3443,qrNSy8Vjtimvd95A
3444,GwubzmZVJlcXCKhR
3445,A7GuDd8KYwMrH02E
3446,eR59aMr8DdIhzfOF
3447,TLausPOBRekJ1yjK
3448,gpW2QuwImJOxUoPV
3449,PFgTbv5HpxRJytuE
3450,LOt4CiwnzXTDcbAu
3451,AqM2LgeihNo0x19T
3452,MA0o6VGnYqcySHWB
3453,2BFocfOHpPmgALbz
3454,qHWONGXh6bMjRo0y
3455,3Sc5fvVLrpTt1bCs
3456,wvYat0HlyVPLmged
3457,YJOjEs1Ha6ML2DFc
3458,a1tnu7gWLvY6Td0h
3459,J74SNGqhsfa0eO5A
3460,t7Oz2Hiqa8hUg0js
3461,QEARN9C0zqFebSkX
3462,XoulpSq97vaYfWLx
3463,sLiY1RGCeTtUhJ4a
3464,0274AXQnczI3kibP
3465,gqJM9L2WicB6GCZH
3466,0iNR91aZIsADBx7P
3467,cND06YvJIe9gMFQb
3468,hVjkP1iAfRXx7bvL
3469,crRMZnl7bKHvqDPN
3470,apxFMVLdKz5O4eYU
3471,QAmXr5MDLqoycsbB
3472,mM9i8g6jlP123IQq
3473,uh1WMnL7ZCvqcTr6
3474,OTKoys6AkcS2pXjw
3475,JFYisd8O3Hr549Ib
3476,4IEoPJlx6L2fZOcN
3477,u4oaz3WgYG1X98xU
3478,ajGDYp7UCzfEKgLn
3479,LclpGBIrf02PqOHW
3480,eHGs6KqZSw4lMjYX
3481,9f2uk7RaQpbrEhUe
3482,2VyAEniD41SZ3RHN
3483,agCS8uGvoFnj6MJq
3484,c1mVhbaz90jUJyql
3485,ZRADfYzwP0SIatHp
3486,AklSPKIowQ1MmZz6
3487,vma13i0DpYhozkPF
3488,KDrXcf1nPaYWUBim
3489,myViNKJ10HSeZdXh
3490,hInxBQ5bS3fmq2UR
3491,l6qSaQBTLtOnVCjy
3492,HmthNiRwUbeVnlDc
3493,agIrKSqkCmoGEh1l
3494,8Bd7AJutNRfUH21g
3495,LB9I4OwhikFfaCER
3496,hFz0Bv49rqbVaWJp
3497,OH5rKYq6ISlE7viN
3498,Y7kOmpcQXGLPCz16
3499,CMc4NVkP6RA7Glgx
3500,kwQFjdJvG9IoaSB3
3501,iIgCfudBew1MpVrk
3502,UGyQvIRSHne6lkix
3503,oW93HpQEYPT15Led
3504,wIf6yBP20ch7kDdr
3505,XOkoCrTEy3ltRYg0
3506,SBNpGLPRXO7ad1xo
3507,m6lkAnvrtRxyGzZ1
3508,Dcz5e6pZ9wdfPNtG
3509,138UJPt6RLGlBnfT
3510,GCDLojBnzvalhXJx
3511,ipkAsBuFSqDPL50c
3512,BVlbcUmjKwWNkuQT
3513,bzJgf46xP7OpBvU1
3514,QJnM6NByoqhmSIpV
3515,xtuzXOcBpPGZ3rEK
3516,GRIbmpix4HXd8W3U
3517,Cq8oBry6QVNYWwuS
3518,MJTflWKLn50rBxtq
3519,yp2N6CJhWc4e0jEz
3520,4h2GKTEsWPnpB97V
3521,kudzoeY3cTBijnV4
3522,F9vmAYHt72lCkUzj
3523,QaxDBHAnYtKS0OTl
3524,eAFdg1hucky3MHsC
3525,DxJcBdZViz3wbyFU
3526,pINDnQVM8yTSOqx5
3527,y0XmdMCNL8VRFO9j
3528,7xY3IunvqjKaeQ0H
3529,XyNOl3T2K4WiLJ0a
3530,pmIXER9kSMrHabis
3531,IAfDvgHxERoXMKB9
3532,2fFshxPRdbr93n5N
3533,P3N4Rte8xjT6ShFU
3534,LT1lwgJDNutZ9xSf
3535,AUqx1jO7XRSV9IdF
3536,TEnsSaDcjZAXCwhU
3537,b83oVSgCJRkONQ6l
3538,wz5eXD9vTlBh7Zjf
3539,4WHwv1a9xI8iLjD7
3540,UqEnptWfe7SPLIKx
3541,wsZhrKCGBXnO70lj
3542,cKNkaQ90teXB354r
3543,GFk8DMPp3Qa4NBYi
3544,wXPrQJ4HbEcgnO0S
3545,PqQwsfNkLHD63u4Z
3546,TmQ5t8befHaIorC2
3547,5sKb168DOodleyfn
3548,F3tZdRcw1MsYAhe2
3549,LOB60MIxNpsm1nCE
3550,bBeifQVRWDAIvaEU
3551,dz2vlRKNI8F75MpZ
3552,X9fRHi26PVvB8FWq
3553,wyArT1FOc3Jnz8Lk
3554,dpHkoqcEbZunGPLm
3555,sZnc5yktvga4CNr6
3556,doRNqkLQc1uairzV
3557,dUeROg1cum9LBHtw
3558,3DpCyYz0ciLGQw6X
3559,pkrgZJUjR2HFID1N
3560,lxXUGKdPe7aNgk0Y
3561,qJ71hzi6ys2KxOUc
3562,rE5oPaiOBxbC41TK
3563,PrBVAEKHjbeo5q0Z
3564,M3iRAuVjapNyYO0W
3565,ydPqcTOtjign7F95
3566,vCzWu8l6egiN4Pxo
3567,Eo9L8VcrXxPtARzH
3568,Jf9GyjlHrQz40x3K
3569,1MQdvhCj0Xa25gSB
3570,EB7yvjZGeRHI1fmS
3571,aW0X7ZYKjy5f4pVz
3572,JKYu6Zco12ktw8IT
3573,NAv8xk6bmCeo7pn4
3574,8N4LsCGHibmxUvY9
3575,EpKVLa2yJPcit8QX
3576,3nGymNoHi5lcwPD0
3577,zRYrcP8XofZAtmk0
3578,IkuvFOtNUWliVowG
3579,QV82i9squmXLRnz0
3580,L8JSzAHPEg7sTr5f
3581,bB0DdPZ35ofyrM7C
3582,jOhkcs0Yb3xfpIRH
3583,aNRwQHD1epjtK4ZP
3584,kqa6mnVPvj1LJKQs
3585,AXRExBizgOh49aPU
3586,Vyb6Ln9zIXaq75mN
3587,a1gYnJilPr47yKOA
3588,6ZXzvKUxtG7WpyjD
3589,iHU5qDksOjf9REMZ
3590,WS2rRLQcNxCm07O5
3591,iKC2afY6h5IPml3N
3592,cwkSueYni8h2B6qJ
3593,O4z29LHpgsTWciQf
3594,P41etBZAxDvFN0Os
3595,AYogIkvBPt3956Xa
3596,Gob4Zfym2Cl7uXsA
3597,ZkzxqsOaQVuHWSt0
3598,kP1673XxprctSZBC
3599,6RQ09iUt5XGzEvbN
3600,ZzMpiBA90cCtIov4
3601,HJdovh23BCbxfMYr
3602,kQm0fZUijXd1YyTM
3603,TZSiyYLCRfAVFu9J
3604,mnHEIXcu0jMhldqN
3605,qhUBTiFJrIbX4Dlu
3606,f1Pw6AeOhLqlvaSb
3607,o3RdP2LrH8lSgGtu
3608,B9QlgdboIvh3X8JC
3609,uWFYUkqA3hOd7jVC
3610,zJ6qDZeCFAREyPiQ
3611,L8cfpdOm5A9g7UxI
3612,fODU5FCxkuBhS1Iy
3613,hUc4HJMrPxLER5Xu
3614,u0sArKcoxL61z4GF
3615,zqMbBvxUA69n2HTK
3616,HNcXfW1yLGkeYo2U
3617,j40VLivHKYkhxr86
3618,J7k2p3z5cDHmPnRM
3619,DvtrQ8SxmMP560XR
3620,OR6u3jwWDrqLHiEy
3621,wCxiNnG28jeb6dUQ
3622,yniW1NhsqLSmo9fD
3623,mjhLVDl9G3aMSBZb
3624,lGreCsqbav75RQ6f
3625,l0OHvWakX1xdugbe
3626,ayWUvIFCm9E4DVTk
3627,eVpgTM6FbfPOdsuS
3628,sDxmGEkL3lJ2B8Vh
3629,OHFe2aBlJgVCqc7f
3630,gNMZxzabd89XA43c
3631,8NnytYTwo4BguPzC
3632,1NHsPVe8wImMZ0QX
3633,N0XJSPBbTcfY9Hp2
3634,0sFM3W8qNKCdBvcV
3635,5RMENIQqnDGY26A8
3636,YSc6pd4hlD9gWZFu
3637,kAYSahfpl06cjuMU
3638,HeJCr7dBKO1Yc90j
3639,ko3cFXnmBaRMeW1z
3640,dCxsobOUvB1Yl9e3
3641,Q7GLlNRauP1ZTgBW
3642,pciDjR9uaxGz7oIK
3643,r4nakKe2Szxtboyh
3644,8pkm3f0B5SAujcZ1
3645,kCXFbGLY6qiWMKld
3646,w32vh8zFGBKVPAQj
3647,ZxRWUN69FETVy3MD
3648,E3xFDBy56szhNpeO
3649,6FlK2hfTQqcmx7no
3650,0zusbogrjDOwA17Q
3651,UBrKLRGCto1uYHba
3652,LBUj9V64JDpQWa5u
3653,d50lSC3rPKjZMV2s
3654,bE9xRUycH1tXiuVs
3655,OvzkUIMni2EQRxsP
3656,ScfVyz4Ikj76gBoU
3657,kclbdgfj3YFsOV0o
3658,cWlMJwg4p2vdyTj3
3659,c5vp7WVaSDm2tkM1
3660,vlRTWCkUruxs3DEX
3661,Z76nTK4sWPIecG9i
3662,ZHtnfp2DKs0b7mBc
3663,t58koQIKpcNm2n9C
3664,4TBnSPNeXugGFj9x
3665,3Zh4yWrADY6kf2LK
3666,TWdyDH9QtAFNLg6J
3667,wt45Mya3FV0sbeHB
3668,XpfwN8v2ckFUYJ9Z
3669,VCeE4Jo0rYsHtWln
3670,bSBdprH6iGX9Q4tA
3671,IsmfdMu8zX0TB5vF
3672,Q3qA6I20EJxjYiHN
3673,YZ2QjUDzlsaIghAt
3674,mkzbI4ylOgMhcD3G
3675,rqpNATjGEzQHi0sW
3676,whM2Wv1mzTK8VArG
3677,zZUHF6oWNtLjM5GE
3678,5eWavVNbtz1wfmyc
3679,lY4pCHP0jnxirmGu
3680,P1ugBcIZLv67kHnO
3681,ctwE9YeH1las7z6U
3682,dOgHmUQ2XGpkD16A
3683,JHiRjZNI0Papq2TL
3684,xMUbCtzZpqhdncl2
3685,tKRb9SFhA3mNBeDd
3686,zPjONn9BMA4k0bhv
3687,dfD3Y1EZunUHI5WM
3688,s34oTpnHdYJRhiV0
3689,wJSxBc6E9h43yrO0
3690,MtKeqaA3OcZlDViv
3691,YuNRrVy2mGeciZTj
3692,eXotnx5a6r7fiBFT
3693,y6HFRUhZDCMLrPj3
3694,W1yJKuQoBrOYTeza
3695,KbPNwugqAaeksWmX
3696,Io7TlAV3edk9xqMC
3697,0eoqM4fPRC6N9rEd
3698,TcUGX2RshB1j6uN4
3699,VgyA6JueOLr9pCXU
3700,I8Z1Lk3Rz9nN4fJ2
3701,mBRdatwSf3bICszT
3702,YsB7ke60J5mn8gda
3703,SgnmWLfGAqrPaJVs
3704,k7VJKU6HOQhEcMSP
3705,BbdC1MgiGh5oNxVs
3706,WrCzEc3ZU2KI5Hh9
3707,e2jYGlMigmxasBkI
3708,NqgDzdZKw0W7kntp
3709,BXzLkD48rVg3Rim2
3710,VbpT2YjgcNn0Lwl7
3711,YgiMh7F5ra0xJDpU
3712,yU0iuqhdVYGQsWH1
3713,nYp1zKs3IQlWTH5P
3714,oETiw8JBK3gxzj5W
3715,a2ROx8dw4bEBcImV
3716,CodjtnyT2ul8shcI
3717,x0TjXKMHdZmbIBLR
3718,xnjhzvYBWt3w2QSo
3719,e8BY2DtZlgsJMNIQ
3720,XVkJh4vZyiPLToDe
3721,Je6HYcAnvEC8lPj2
3722,p5t91DTa28FjZRwB
3723,y54kOBoMncjblAxe
3724,gVHiUFMXI8J3hd1W
3725,XT6gcuVLRqjmoKn2
3726,8KdoS6lZRTt1pjMJ
3727,E4XFzc9wAhQ8KdTV
3728,1wH4rRMu5yXxsJnm
3729,B9qyMnPu8Y62pjJw
3730,HbMu8olOpsmIFXP7
3731,EUJQiFq543rYLmb1
3732,rWxE2e0YDnTVv648
3733,f2i7RTxqpmC5kg3s
3734,krE93UJjfPVKSalm
3735,1uXwrb7BiSp4CUyG
3736,2xhS46rjfn9PuHM7
3737,GTgEcxUMZAJhON5P
3738,TlqzkHyRVSf9xKoO
3739,AnDXJwPeKj5xF4Uo
3740,P3cXvH4Oj06aT2Ne
3741,3NJk0Gu4U2RXKpIE
3742,42zbNTsH8nRLUoBQ
3743,V79qMlbIDsNTRCcu
3744,OKyhvJzqeW3gGNbj
3745,GsMD3bHuemBL7Ecf
3746,daPuYXz4CLp1vWwh
3747,n6i0gNCwF5LBeDMl
3748,xJ30MSmTCnFuNUwQ
3749,S2l4OnR8dKHFuQrT
3750,eXh4fvG65a8kCrDV
3751,ULZKFMd7GxmYbcvu
3752,S2BRAmDNZhL5VIUp
3753,a5xDWLIEJyiOUe2h
3754,I4XNfwHcK0MRuFiC
3755,ZiQvHSc2dG5rzJWD
3756,8cD25sxhW6wm9NVu
3757,Mb6keL9GBsDlavfH
3758,Yi4q0Gw1FNj3mzRU
3759,yRxgFtAnwX4Zi9Mj
3760,nz1Bl9jMixc4khYo
3761,bWBfFt7JiGw8ZEI3
3762,kYRj9xo5SvA1Gi2l
3763,mr7QY1bvs4OkJ9uh
3764,NhIPUkmnJyT6iFAw
3765,iJVlTDk4hvWe0fE8
3766,UcQBKVJ9mwad4fXM
3767,J8r03YgeuFLzvRtI
3768,JiBEDwYI75Xpvkh6
3769,wT7y5djfEuqOcZ0U
3770,CEXuBY08fxDaVsQH
3771,qUQBElVcLbjFs65t
3772,qNIXDJBpChi2Uywz
3773,iqedk2D1fVvUHJWN
3774,6GDLl89JiRvdnC1S
3775,By20HqR3TcWMiZXE
3776,Kbn0LwWqcCD4Md7o
3777,kvrRFndMpKDyJBVS
3778,Ti7sGe0gKLrOUZdq
3779,ts8Ki1NgGSE9RacM
3780,sp8lzf4YO3FQmNXK
3781,fRgldI80QhFxAeTY
3782,WJEjLg9YFwdBNP0U
3783,gdxYLz1BGSAPwu4h
3784,ZKjQSWGpT1a4m3tU
3785,M7S4J5i0WxFBUogK
3786,TelGBXD6NC0k8gi5
3787,pU9fFP8hjsGm61Zk
3788,RxgurBm3bSyPsUVL
3789,bXwjnyksMGhrQEzm
3790,9xfXY6S32iznHOkE
3791,SFeV3iQcOoLsK6nm
3792,gUx1QI7arz4mVB9b
3793,cxajIvQNmoVLCPg5
3794,ak6Kto9mxIEjTF1p
3795,OvBYryGmiWxJhsZU
3796,zI2Yq6oBi5nDjW08
3797,7dDj4HEFzLA9u3os
3798,9RasCFkJ2b1cdNlP
3799,rlS5f8AjCMRUnqKe
3800,sCBpvzX4k3ProJl5
3801,YTjeOFmGgMw3BKv2
3802,0ihnrzaC6gV5O1Kw
3803,F9QrgLyme5N3z8iD
3804,CRpQ8NMTkayorgAW
