,best_error_id
0,b4Kw3m2WFXSJzlt5
1,jf2q0Jpk4w53GQRH
2,3XDjiWeMQvEzHIPY
3,BfnJG2iMIaz6X3pr
4,R35VYUO4s9hjoSKg
5,YPw14zyCTVtMn2Nj
6,UMoY2eGRNJyaLxOp
7,Op9nwkVt68MlXBbS
8,zjfTGDIkalSHKxti
9,6r3eMXqxw5WGt0Vu
10,lECpLmXUKDNJhsxB
11,gYKUSqVuB18Oi3TW
12,P7OvSW4rpC8Mchgk
13,FODBuiv1AKdSoCNq
14,eyC6cb4IS7joTQGY
15,kHqPcyE1iu5n2otX
16,Dpy16ft0NLH5XFbq
17,4JcqIeibW1OmTrQp
18,pO2g3dcSVBTmin0F
19,HRnQhTNCOUBJ7FAu
20,3i428gB0Wlz9ehyd
21,DpySchOmEiRJZTu9
22,kKWzXewS3Gdqfpn9
23,khf7KnMBatvLIYws
24,qEeWnQNd4l25aGwp
25,R87W5lM2bnzXQGIi
26,fhTxta9OiCIwgV4c
27,zK8yFIm9CLnhTfuS
28,hidf2XDTovJpVM75
29,8vg7p6jlNBDYOXwC
30,d0Y9i75foDbWkNGU
31,F7PswtDhqJeTXWpE
32,ELXnApbRNMaeUIdj
33,WiEP3q7lznxSZR4F
34,8qGhXyjQf9iaw5Ed
35,fXtOERSPGsDLxlhY
36,IDFfwhG2nbrlcvKm
37,mVGikyAYjU5fBoPc
38,Qu7vPgGEMTyF48RW
39,NglV0cfExhFbvu2n
40,eobHcLR0G2kdpNYO
41,4SOMrtdcIhnJYoA6
42,K9NBjGqlmzdRJ4V7
43,9IRr6KU0MeNamwQW
44,7d0gqmKpeu6D1jUz
45,Jdsyql96Gz2tOVfL
46,lF5fgBarzENxbQtm
47,MT95f2BnpvSueroE
48,xYfuP4rNqAyRKJ2m
49,PuQahETtj9Zbe6F2
50,qEIeMPfLUYZukmx7
51,alzu1TZ64MVKrhmk
52,zYjgmKvStUwHi025
53,LAau0ODUTzsiqnbf
54,sKOD6MzTtalvpIBE
55,z3utqdYZiyGRD9a0
56,zGF79uEnNAlev4iV
57,opcvKQWSh5BJ2Edy
58,2cubhTvQwjRXSaWq
59,XQZjI94HUkKLhOcV
60,S0nHiCEcJz81rBVO
61,i4IqZ5vm60kblRGO
62,2A6g40vJkE8ZwUHq
63,S3OczT4geHbn2jax
64,Pqb92IxB1jRnHXcz
65,9jU8yFgOcJW2TGbV
66,pk1x5IfUTs3nY2jg
67,7zBlxeDwYmZ36Vjh
68,zTHmq5YbIE4GgFLh
69,mUYnHIeLRS7D0xTr
70,W70GZplRUhXO8yHo
71,udeBhZlHUjYTMtQ0
72,wdFor2c3HTqePmIh
73,J4b5680kOWGPUxcR
74,Q5n2g6tZCEu3oMxA
75,W7KYUkIgnjLhfpsS
76,pIeZ1ARz3MtWqLsl
77,nzYKNwTIrBJd7VtM
78,y5nh3pFrG2OeXb8u
79,ioQL3CVBUYXT4f6H
80,UvdKmxqkwJ71yhNn
81,84VHeyoGOxZ0PNqX
82,ZVWXM4OB2wc37Doq
83,JDuevHlTpVKPw9Zq
84,qEf20CYpa5njegzb
85,aFefYg0qCoPH3kly
86,6FjZOd4VeuXPnkpt
87,kCRdzuGYOUJrAjla
88,5GkLVS2Kja7RydM9
89,2EGjN5Q6rOpKV3kd
90,ZiU7vIb39mpSMlfK
91,ObopRdcDjJuHrFMg
92,9Jo3SqWvFrzhGVtU
93,UNXKdC8p4yfvG7tn
94,FHdKvw1TpGgYCcrA
95,dwRBIXasjtL0gVpQ
96,vboxk0hq49gn2DQt
97,tDWRzoypriP30vCl
98,4lTosD5BNwjVMpka
99,uyLnjDcr4f9tx7av
100,aUCwxhSQP54spVjY
101,XseDWxoYMrI9b7v5
102,Je56M3LRmqYPK7js
103,g8ndC9poXlafIk1z
104,EM3f5mB7Gg6kSUAZ
105,4PBDNYbgHrR7sOuT
106,Ft5uxLwUIebvaBMQ
107,KlLtCxrDQI10Zycp
108,KDNxInd8hptTCGMz
109,5aqMZ7nhetosUPK4
110,3c7lifhXtpPxMGwO
111,mwpBPMN5lW1gr70k
112,QAkVPGNKO5JRcYoC
113,USc2ab5y7THlu4Dz
114,UoC8jikIEJGTPpMz
115,VoGnNMJhvDEYf5Rl
116,CH6bktPNyju0lX8B
117,GQgOk3MPWLnEdeAq
118,149MvNT2LxurSFtW
119,8nmA4bdU3gRThtqk
120,dYIy5DXFcgh3jKpC
121,moKvSbXMlki0zJeW
122,jM5AIrNo96TudB2G
123,cfNDa8rUpZx6LAd0
124,ASI3VtzmBfQ7KZsy
125,1rbJLj9nTOqcGsZ3
126,0qghGsYuWFCinBbE
127,oqauzb918lNketHI
128,Jf9GyjlHrQz40x3K
129,lxvKbwgZi0G9nd7s
130,fOB5lGiwIrsFNSnK
131,5UQrp2l0utq49DZJ
132,ivYefHQyG6XuO8Ab
133,hLGtRSnfkIviX5WT
134,x3tiGf7AcJ0LEsWU
135,F4AY32MNb8zRhG0X
136,ZBsnVDhYRw8NI3tP
137,7swbhLHzBZa5qJpG
138,BJSKQ7csxm6vk8ly
139,XCzlYpMN0IRBksZa
140,Z7RndM3yufqi9exG
141,LMNqg68iI51FsCWz
142,XrD3uamUv2cIexHB
143,5qGirjLlNUmRvbCW
144,Lh9mXpGYW8CFNgcf
145,zbovL59yjtCQFRAD
146,EB0KwevRV4hy2mDC
147,hzk26q1ajy4bnFBC
148,PoDmhkG6jBy5EzUX
149,8oHimSEqxOVRzXDy
150,bWdEyZwHK5eYc9ol
151,W8MF9rHtXu5Zfxlk
152,03rzcbghB8yADwZv
153,273Mmb4tXAnwjcG5
154,vzLoVke8Dh5d1ERW
155,QV7yPKuZczs5H2SX
156,P3OrnVNuWZdIXbsT
157,TNaCWcH50heozpwm
158,IYVAJyWSEDTimQH3
159,Q2tUSB9uNZmGOnHw
160,dBLNZtUwP5onb7sz
161,n7sXIEmW6u2PfoV1
162,8Sc0yBr2ZDtmFpJa
163,AiPEmS3pwGs7xyNL
164,Bjeu1CIGf5Mqgosp
165,dciNkUwmlnZuTOHA
166,jcXvJpOwSlkyrhi8
167,lO7GnB6QubcHDtx4
168,m95ikCHt1qad4bXp
169,yoejXHqVpudtT4xU
170,gEkdiwrBHSX6GQCn
171,yaq7bZiF6lLJgVrW
172,Hcltkz1enr8JjB6X
173,K4MgyNsbpuEDoUFW
174,xMUbCtzZpqhdncl2
175,2VKhyocjw43QpquH
176,fG50gBqIVSEHk1RM
177,1TD5ctRKkLvabu4E
178,6HD0KoY4GLl5Mpj7
179,qEG87Sfnm4jRhFog
180,okRzhK2dG19DlJ7F
181,4tGdsBj7Q6JfXmv3
182,LXIR8wMb5fuanj3c
183,pO1hDN9RkcLYtelW
184,McbY9kSuja6fE0dA
185,ujRiW1H8vO2TlVAg
186,i8Bc9NbnpaRx07JK
187,Sos5qcUMre9txalu
188,jJCenyAKuDxVgmhG
189,RF7NmUW6ejwfJqAs
190,K3xpCFMTVmu0dnZ9
191,Nqh6BzP1mIMwGaxo
192,A4oEby3CK9jiu85a
193,el7UXWfQFuasGmEZ
194,SlcUVZvbfGNr2u4i
195,zB57xlDryEFsYLCb
196,bPpJ9SZRjDzMA41Y
197,cUbqaKiNwzgf6MAY
198,Z94Ow6TRUhLY2q8z
199,JDYqTPp6u4trAnm0
200,bqoMfVZLwuKgitHc
201,gIDQ6UMEw9RFSCmr
202,4su28QxmNeGMfV0B
203,a1Ds7e9SU2vFZNPl
204,WnO2tjAdXV4UfuJw
205,WNl2wrdD6ACHU3hx
206,dlSmZin3XN65p7G1
207,wYetGxJ6Xs3q0WMO
208,KQlamOiYVIrv5USD
209,lMqbWmjvrKfn9SGH
210,xVCR6w7SlczTsfgv
211,0qaypOjXIw1gHtSP
212,7qwhCuvcSikAd4pn
213,S2103wpe7bOvMVjd
214,3bLI16XczAwfysWF
215,uJVqhZtjpGBmSEUe
216,rGTu4NUktJM8XI9s
217,Nz7qfSpPKCA4QDTv
218,lAzUqo8gGJZX7jmW
219,rZoxeqHUPcmdi9AY
220,UIemBgc6jXQ2qTrW
221,pPSMHWJLF9caqmIU
222,rKveYU6qZMlFHyOj
223,JezCEySpstnflcN3
224,DSaKYhxgQq1BL8J4
225,ZKvjec7zlrsdXEHP
226,aI5E0J8kVfNcnX94
227,58XezJhOLYE7PIwC
228,tISZcdVEX6YFHswu
229,MdF0nVb2lSEjvpa9
230,LvrliUj49wep7tdH
231,MFZidSfRmgJo8Opl
232,WdQ1x3MhX8ROn7JH
233,FblXWzqQATO3Rf9E
234,RK2bEtDcuHBlYmdZ
235,SBdVHeo6gZDp0GNj
236,GJ3Oj9z7fdHvpalF
237,qpJR8329ctBM5em1
238,XyJetfNG4jT9cPYE
239,46vYZ2tlqCBLnNOk
240,S9mq506BEiWfOyuH
241,damcrLi17lsqvT8A
242,VlR6jaAIqLyubc4x
243,5YWJcypbHzGie2MO
244,9vEC7yRUJtPWhozd
245,kDw45GWjhtBQPqbC
246,b1f2Es9u4XyW3R6a
247,o5npiwv0qkdV7cMz
248,UFqLCgHivuTp8P3W
249,0vutgdjeGl3BhbIm
250,2W7vZ5fjYIeGCsV0
251,pJHch8nr4Xi6UN25
252,EkrmqtRGQ3Vsnufc
253,RMAtu0iIs7QKYrfD
254,x80Q91FLlO3XEcym
255,izOe3jyNL81qdxWh
256,NeVA5t2yLq6rWRS7
257,DWmSue253cnQ0fbp
258,2xN5Y0B1EPgfaICz
259,ZNYGyR0LUwCD5Fcg
260,Y1cmjbaNqHGMzABs
261,I5RWEdM3AHgLhxQy
262,ExVjueIbLBz1SCkA
263,9Drjq0IeTZL1vbCg
264,BKcuQ6bAJ3zXIgPj
265,uqg8XijL4ykzKr5M
266,FX9OyEDhV8vaQpud
267,ABHNDs6ybXOvwuGE
268,U1g9jTEO4P0oD3KM
269,TCJM4t8sVj1LlwH6
270,FcWpfOVDslQNjKw6
271,gSRH65ryvE9aQLWV
272,G9jqgYwnxaMI54km
273,BbELTxHAZdUr0kpu
274,HGeqM7rmDVgLUNw2
275,fh4WoU3N5xw6sXgv
276,oHZuOIPYSwRv6CQz
277,IAE28n9yXPKZ1uTJ
278,JVtf7WIYPd0uv2X1
279,WsJ3BaF6Eyz0XQv9
280,wflapN4ZQYA2TPMn
281,0tgjadU63DX1sw95
282,emBnPR0fKxH5YAz6
283,pEaCLQjdiPZ38Hsc
284,rQIVFSMkHNaJYXb2
285,R5d8wZFl0VgeufD3
286,eGX2JWinSOq6hHwV
287,dAqYjSpe9l85E3ys
288,v1OqKUM5GhNtTHfp
289,8E9BxOwzZKNbYUIi
290,oO2Zurk8GjIV64dT
291,jUsDSyVztbFcXIqg
292,DM8zE6QKmAqxnYN9
293,uRgIsDeGEhJVQcfP
294,YlAI7aCMZweq38Ht
295,g1Nc5m7FSflndiHD
296,CnsHBk78KLGMgXwT
297,N5o2CL3xkFf9lKeQ
298,qzQ7lIFoGUL6nT0J
299,tdNcrRbYLz0a42qv
300,bTrHod3pnsUq409O
301,7dTkL2ipYDwz548U
302,jyo5txgIMFzUrpQw
303,DhKo902NMrz6EsJI
304,5cYPJxtGjOzL0plu
305,SaOocFw8W2BqKiGH
306,5cN1fCglKAjIhnqP
307,s0xFEQdJCg5mLyMl
308,WLoRkOxfhzCy7N6A
309,TxgAMJYQ5Npnfmy0
310,KkuBCEvwdI38tfS5
311,x0QNit6uBmh2edCD
312,jnxvuiHdJ0p6wQ2A
313,Xf27kiHwtzA4dBRN
314,0hfEKbaQWFMi48w6
315,cvVpCes0iZtTo25x
316,ls1CfNLRSgpyd0a3
317,jVRzmpLO21FWKdPN
318,JtYSFeIKxwod3TRm
319,ZLbew1zDjfam3XMB
320,tQ53fGdCsDZVU0El
321,UlYdILrewQP8Hgsx
322,RtBKDg9x1UcAq7FP
323,zcyIqkCvOgrbVD2F
324,dwEH1u8MoLx5mfKh
325,3q4aPb1AdgrzXLex
326,KvjM2xlZ6akwzYD5
327,UuG21Wt9FSIcfZ45
328,lUrmvebfE6T0XGpC
329,fvZ93tIVnMl85W6z
330,g5a6fjFhYL9P14px
331,0wDzYLZIFbWvACU2
332,tb87OPZzfENpLCX6
333,rAgs0qUZ82uFpKyB
334,j5snkm7BYNSpIx4W
335,TDCpAydFwlMvZPGi
336,iydBlL4cJegHNjID
337,tALM61vV8EgPQCx9
338,9f4lytodcZ03b15B
339,6tqwSlhrVpgkQiTF
340,gjt4mGxrXOepaTqF
341,iVoumkFsL65yUQEp
342,peFDRo6NGTwhbW28
343,DiX1BVtC75eu0Mzr
344,GxcYeL9HNSBX3CVl
345,woA0GNx4LRv8Y5ub
346,PgAY20qRME3kUn8y
347,wK92rEARqfoG06Wv
348,VML9Av7CQsIkgU50
349,G5bWR3VXBDUFT2Mm
350,9iUYVD284rmIgJLF
351,J5dliqsF3DkWQGNg
352,05awHnR6Om7VboEi
353,bfshMcSpTjKrUl3I
354,xYAKXc9nyMPWOB1g
355,uBlZhUb42PpRNrA6
356,DjAuoHTzSxpqcRC6
357,0enFqmoWTuYAiXJp
358,OG8s4QWkAL9DmunF
359,Jc3ngpolRNrYBAvF
360,LYcetKE8wmgv0QoB
361,YZdXesNC8fQwHKj1
362,TxCv8osQBenNE2RA
363,kch3zMDyFdsZjBnI
364,6pNByigRmslwHV0W
365,kiyZuEtTGQ6BX421
366,Ls3BfudDx8bMjTa0
367,gd7jXuExKIGNCpQo
368,IkJq6ygPG4SvcFCr
369,5ydQ0zmuSLMtB3e1
370,BkThmzgn93P426al
371,Jh7gevqnyxf5QLXA
372,yGa3X61IjKRBSW9C
373,XmnGLwo04JNyS9Fv
374,7JwGLmMSND9HbfIX
375,kuYmT4bzgo3910xR
376,RnOBkI8N32reVz1W
377,psQ1vKnJP0ZdXjbN
378,WGRgIyVHdXMLeiU6
379,6k8EzuwTDGJCb2dm
380,bd4TmpNBfI0Dr2WA
381,8IWHa7dqG9KR5wfN
382,sYySjWrJuqFi6mKB
383,QK7pv8taEyuYCoRd
384,RLJTVoPEOnCq2HIp
385,6IqridwxC9aHosU2
386,vIiqP7sStehkXUWy
387,HtITY81omUh9eNwX
388,RSF3gXjGmPipuoJW
389,T1qwkA4hCSrlx65I
390,Mb1KEprlAuLf7woi
391,y86PUYb25GWBJemz
392,nNxDMzujZXrQH731
393,ndlKO7mYvZqcItyS
394,5AVeJQRcznXUNOGH
395,G6Qg1tK7MJwu9vCc
396,YTXhlp69mKvNE8ng
397,iSaK0pFAXbJdT9yk
398,aBWFH6xzfXhv0onU
399,rSuCKYnweOkBq5EF
400,dSa2DtkNqXjuCrlM
401,0jDYrFPyKkxAb16U
402,HwJbVnOdR62hf3UX
403,boa0eMz2pmdjvQfE
404,KSdLP5zxyvs7loVI
405,VrWYsMiIHaZOwN6z
406,cdJ784H3mVDKfTrb
407,xSI96t8bgPkTRsrl
408,E1JyecZ5S3VluBdq
409,gcWatvJSsUBo0DnP
410,6kTK5mrxEB1UhpQb
411,Vnjx1hzLv0y93uGC
412,0RSgFZheDKN9lnjv
413,SAH2tpzfK0TdF1xJ
414,jyDml6eT3NJoK2qB
415,xGdFjo7TQIEKwztf
416,TyfaHChnVLY2lWoz
417,lMN0YKwiqx9uOhRX
418,9zsrIkU0MqhVOmDH
419,s7jFZEfMKe0UAySl
420,lwVrM4hiFTuoNJfv
421,eV92bWGIzSyqmPuR
422,BlczbhCV9TtNdsAW
423,oCBle1E8TVSIFK6N
424,cVPxIvDSiE46uyeY
425,asCgq9lEXwS6k2iG
426,m8xRZHsSrJ7dj5An
427,X7je4xmZMJlohzcp
428,bDUQcjlq2w8kC7pR
429,k9cJsayiPzhwtqvf
430,pNJxK6muDZ1F2AkY
431,HMP8rfmtAX6dn5Le
432,VWyMCacQBrUDu6PK
433,BUmpCvXd1z9QWLP4
434,Z1kt4958EUsBAT7X
435,z27tYQbrhC961cVK
436,VZjmkt82zJh7gpEO
437,ygALIqn793rJc8z0
438,S2IPMexZJshBNi4Y
439,z5mn0MNwlIYcVDCr
440,wN2ug4kOa7dUhfT3
441,df9O84NH360usRiS
442,8M2LOEamyhrPwYjt
443,9vUjXx503rs6VDcJ
444,CpGr67c8NKWlQm90
445,BmCrSFj5iKAx6PLO
446,KGOtRZzAs2mwHbqE
447,UDYAPKXZ14cRq7Je
448,FLY7nxGoibsCAZr5
449,l5Khd4TYDyMajUHe
450,qKpsRgAn8fBrTMaI
451,DBVaN84kUjmEyPx3
452,BJqpxrwhF3l4zbEd
453,AhEiP052TYvo47uI
454,wWtNpfceKQLRoqS4
455,xCV7adEjLcoMs2Kt
456,jDaYhU9POcZpINg1
457,K7leO90uErYTgLWP
458,YjJgAnOwH6I3ruQv
459,6T3BZcrIkF7EloKY
460,thPkcUTByCAXsNQM
461,gi0scV4Mrqw8NGTy
462,W9h82NVuy6D0OadK
463,4FsRt1Q6E8xIlVOG
464,lxbnGUNEAsOeFpCJ
465,ztbEJnvCdaWN76jr
466,0oZChTqUIfv71aHQ
467,clfPpetQCDGbV6HM
468,dysaD0CK61pjNHZl
469,mYfFtI01j5TUKCGb
470,6UPwchjCYnrHpWEs
471,oOP1IKhvQzaSc6f3
472,sSRgaXKDnAT9dc4x
473,NRQkiEA5bd3lUraC
474,gfuOLWajFqpPHrVU
475,KerL8C9wPSxtBXQb
476,zjp4AgZxOX1UsNof
477,WrOeGXh4Ubtlcy3u
478,aNnwWdXJY0QUMs6v
479,jD2LaETvPdN9y5hM
480,IYVX2l7rhdMeRT9G
481,eP4TzXQSkvHuAfjb
482,fWBrTcwiHE2DXtJU
483,r5pc3qFSQvUIRtdL
484,5IGgbhVyMnfCRaoQ
485,9lZFK1BJCjUThXn8
486,TOrbkvFBEtUh5VZQ
487,2OgArz1H87m9PUbD
488,Fm46spQygUef95uH
489,ouOBCMI7fxWJEVmF
490,z7JDwp62hiOutdTW
491,l4xtFBMR5CDIfvmV
492,6VPDFQdItXY3RpxW
493,e6ilgwhrfZJkI1dz
494,w2m6o4c9CVZlBY1s
495,2MIrSjcDhg9KHCE1
496,9ydPzWH7LqMXib8x
497,2PMYvnTl8NqBFJVe
498,FjXlq65O2vChiPro
499,L1aFYmcp592WA0Vs
500,7UefqxoHXiCjGF09
501,ipSCRWd9zuH2bNs5
502,hcmMkjryWK6AtUoZ
503,CavXFSrTEInzmKqB
504,k86oQZTLRrMeUuKi
505,gavLV3yQAWoeXPNE
506,HbtTRko8ELn7QS34
507,a8Wfkgu4LsSe2RAN
508,Vi9LPEUb8eh2Ct5g
509,k50jQSILU43RhEsA
510,N2LdRgGV40UZyfj5
511,h8YMj3uJqI2HBLcQ
512,Fx9KYgaR4SO0mzGC
513,5gXAdZzUDuaoWmrj
514,cFvkL03XOumjMS9f
515,BCicFwlhJOSd7uk9
516,k2xtX6AQy10lF8BI
517,e57K9dLf2xh4wsnZ
518,IsjWkn20qUpFP8Tr
519,Eo2Z9e51ItKnspdr
520,zbls0xvW4IO8twAk
521,sUbTiVhY2jX8aNu0
522,gf35aTiYlQJ61NdU
523,Fo5DG41AUkZRCfsV
524,6xpsJladn5hmkzUY
525,uLn1liRGHAB0Ta6F
526,QDXeWpv3cosYE4V7
527,iowKfMXpnDt3bOuQ
528,37ZKPpjiJ8XfevlC
529,QWLrAOKZz3Ehnwaf
530,DWfpgEjUAYmHJlks
531,CbFsIdEG8u71vSUD
532,ZCJ5pO3mhGojXWBr
533,sdXjFvyRlNktg9fe
534,7OxPMbANv6WVpYiu
535,C3Pp7MbrfXa9i4jg
536,oG2TDJQjA5gZ7cm1
537,h9enHYcbAUx6qzBa
538,sk2Q1SLvyXPx34dC
539,O3rILCBRcuthU8bF
540,Shl0d43bf5Xzct9v
541,wzXxkCsWdhy7fFrO
542,Yn8ApbBI0ZsSNKL5
543,zKD2A8typ9Pn4kex
544,e6yH9W3D5XjExtRs
545,3dGU1IJqODj904Tm
546,0gfWsB9TbucSRxMn
547,Prxev2awSDJGn8zU
548,vpa9jBTYf02yk5ob
549,iuWE2jXtR5ANpDSK
550,GRDoTz9jJvLYqV5E
551,DikthHOT9JfBRIvd
552,roMG8FeWEaxYhAdu
553,Hdy5kTUj3D0iInsr
554,EXV9iN1JBUDpG0Lv
555,2Kic9kUTepbFZYnP
556,9zZ08jdDK3FgCxko
557,B6jdoctPk2sXxJ97
558,DvxRsnB0bgJa4oGy
559,Cox4NQ1LuRFw70gE
560,nhG6CREfxoiQdl59
561,jolO1LMJBwYr3Rv5
562,vkqlXB4LiNabZc5y
563,Fc0NyCgaGq2XK8xR
564,hOKNJY9a6wDGfuF7
565,JBASy7QMbOvgqHfd
566,6paikJr5WXbFldYE
567,8eBb3D2aGnXJ6sYP
568,Wwzfgva1ntFV3NCS
569,F9A06aDEhxp1Gmtg
570,xdlHMqofgOZ6N5e8
571,JnMuNU9dRpbtQOc3
572,1YB654tzLsEwQk2S
573,cGb2VjX5YAJLFyHN
574,oXdcOJzwZyVulT2f
575,7Kuy1Onk5aVxwAXW
576,iEVqm0KsMvHkA4Ip
577,Hx1rDecXTPCmydQf
578,PpHzh2EU4rBXsYum
579,6HITJ9jnaVDBqyPx
580,p3FuKW2n9SDR1xvi
581,ZkLHeinrBwVstD8p
582,D8vCQrzLxgcjG60J
583,4xXGoAcmNIp5jKB2
584,jA4thl7eNL820mGZ
585,RMXbCSnLtleV7kK6
586,1lrzwf6DGbWs7iXO
587,Z5phUrJfAgbMS3Et
588,GzNhKiSw348T7qum
589,2JjVXYsZAmFgefTD
590,uBPtaewbmVv7MNY4
591,9Digkqbf3ouMHzBh
592,IEhHPxGs38opXCYO
593,Hwozld7Vbm3tKjYE
594,mF5B0HbENeLR8wsx
595,bRqQJ7frdWo3U8HC
596,Ej2hDc7turev8ANI
597,xFjEl9hiT1N8op03
598,YO9KstmMlWdDp7c3
599,GTEoZK7bg09sPeNX
600,NWIwnfM96rQCaieo
601,raNPcv6REt29AKIz
602,Syk3ZdTEA9JDOcmG
603,HGNlI3fhQ60cT2MD
604,94rI1ic0jX82YA6q
605,uGhnbMPx41IlK5oL
606,INSHQtFCfTxz2Vml
607,swqdNLT3xcGaFbhk
608,AEfCTF46jbU3lgLp
609,nNPUmzygW3xi7Xav
610,uZnfDPQAgbvXywlC
611,OMo7EJzy9bwY2prL
612,HUD4k1qThdRa6icK
613,MRHFe30aOckgz1nf
614,P5aD1SWfI7d2BRFe
615,9QVd0wcPkLz17aMN
616,kKZpacsJOlPLg4yR
617,tzVvIG2A79qfnp1M
618,FwyPvO1ual4hLBSH
619,LoEhaiZ87Np9vk6F
620,K34akwiQ8HIZYPeU
621,BFRzAPgynxqklW2f
622,Z0cpRx6UKAw48QOk
623,Lj27AiBtxqv5pQmY
624,fb5tIyoKcxFjHsql
625,mj7On6uolPraHspd
626,vkQRPZwyT4Fl7cHD
627,P3ukJCs6m9FB8vix
628,n8Y37gFkZuf5UDzq
629,XIj7c8NFVyvad0w3
630,z7xinC4WjJgEVoY5
631,Q67UjmeWYzFl9Koy
632,IRCi4pj1VaqYkHE9
633,WfMg4KdiG0SnNq9D
634,rJ1F30SZczH4q6Ip
635,KyCGFVUjT5Rw29hB
636,UiEbNdQoLVWu1eRY
637,aPrvc1ILHp98omqx
638,rEkm5dBfNgbihtjy
639,HrUpFjMX5vxGEiTD
640,vZmBowd9he1ySXjk
641,dnQNBlHV5D1Lwckt
642,p3WDsSiclCLkhtzF
643,Cia0ktUEgZpHuGn7
644,WjZ4mvD0kxwoahIp
645,1VAK6nS4uomNHzLc
646,X1z0TQyHbGCJ9w3f
647,fF8IdHezj3wYGUrD
648,2WkadI7Z8sM3QlfB
649,V64lUsG0Bp8Z7CdN
650,IZ8McDNBX5fghzbn
651,1fRPoAMl84bCz5g2
652,GxFK7n06dzECQRWi
653,ZGm5V3QOXBz8SKjc
654,eZEPSnHR3dxyAo8k
655,hjWGHVnZm1El3FY0
656,io1Z7uv5bkdp3Pch
657,2jPco6ER3iyaru94
658,IQTvK9ZABj2gYwCs
659,uNvOXJG6ABoUxzWf
660,I4pRxONP6WbYv2Kz
661,B6OLV5oskQqiX2p9
662,qQAILyHgoW0N6McV
663,yq4KeQW8MoUnmIAp
664,0jMPS7I1VHiNAt28
665,TslKcQ6nJxEU7r4d
666,UPkf8qIYCrMxXhbv
667,wF5h7RgzQTcMSDCu
668,Txv4qFR1YMgJpQU3
669,RN76ySx9YH3VfMhU
670,TpXeGn27YdKfQvDF
671,Fo0vgdHfQxpJCr2B
672,zQphHSb6RvflZmo9
673,hpBeyFKgL1urID2f
674,zVgR6MoLrqTwaAP2
675,LxAOjUi3Wy4pqScR
676,6bJKH23PMhCXfnyN
677,dHK6ryPtTsilAex1
678,eV3wKyFgmjnPczvO
679,JYabthqX9F6w0f5o
680,MSv7wNsRVha1jfq8
681,ArdvMyXgUaxD5YLF
682,bryYolfc3ZuOPV8t
683,0tYaFeTC4NuJyfG6
684,N1sM0XeypWDY3U5m
685,FktYojr8XzDHT39q
686,r0PXQfmI35VtD8uw
687,rfQYc5dwBMVTgWRX
688,JMQubkoftOPnCG4N
689,15xo9mhbiMLqXkNd
690,EyxBhsmZMNGkPlFc
691,zWZd2AbcwgDLYvCy
692,9a7OQI6dSVm2FxMG
693,57OHSvnjUzRMk3ib
694,NtqfdlSIvLM5r8z2
695,cuDqL4BWPNOgEJ6w
696,IoAeYkHO4N8rB9Dw
697,yvZPVhSrENqD38JY
698,pinA56ztPTrjNGyJ
699,ZCEKHMyA9uSV6dNf
700,0QGTtpS2VuEe6mMw
701,E5OGrBpFWqdJL2bD
702,LnAV8FuZDtISKMzU
703,kO0CxJPnLsXgmWaS
704,Kh5ZHeQrCumTNJzR
705,2ucj3I4gvimGX5YJ
706,rsXeukFEq6iLSnYj
707,l8Yg2cPHkvjSd9Ip
708,KlbJ5n8USkjFyp0M
709,QEMSvujXdIqFRges
710,7C2vVgHLGIdJKslE
711,90siAYbCPJQhDZRv
712,NFgEj9BToDdOeHuI
713,8MwealhWQY4o3VO7
714,Jd3iWu8a2BxHNtMl
715,XWaZzT5kSEfKA4Y0
716,UYA5wXdSe8DP2bFc
717,bQlh1i36AeLfc2SK
718,aC4zYRbwHkGTeSKL
719,5T8BUSFLOhQ2AfPm
720,sh2QIzcDSVewYK46
721,MaJnBsQiy4dtpwg9
722,85Mc9tuyBmTKYv0Z
723,PO1wsCQSUuYlD3q6
724,8GqnISOcs0dTwgMX
725,CdkBLqwtvrWu3ycl
726,MoaS9NU23iWBQHyC
727,30LTqlERgk5XiOQD
728,GKSbIrnmA1ugxFXE
729,VADYqR5EamdwLuMt
730,tknl4zeawX2mV5Rf
731,gEMRF56GvhomLs4A
732,qNTcQ4rGwmoIxUC1
733,up4753PA9yH1QmDj
734,rnPxZIMODHWSREkg
735,LGmBzk2gWfHyIDeV
736,tJPlHRLk2pUB3KFs
737,8nrOvkJKm6u9p7iA
738,s0kCBw7hn5DMTI2d
739,l5Oqo4nTGca6rwUu
740,Cr9WwGm4eitBgubv
741,KMZt1UJmHyAFNzV3
742,jLPZw7WiJkSGfuTo
743,pOCJLNhmQjAUqxnY
744,jr6VeUyNARD0u2Ip
745,fdIn53Mb7X9W8Qj4
746,FUIQJle65LknSTAO
747,nKsNHwfDlmcWB5Ai
748,hApsOzKdUc25V7nb
749,Eli8havZJceV4tfM
750,TSQkDto6P30xrnzV
751,4mAMqf5oJzhD6Xry
752,lWgw1qe3Uu0CmsLx
753,a8mO9RpTDxwiXdUN
754,1TjGfy5bVi9IxJU4
755,olACFi3hwG6nxQIR
756,n1BAT2H0ugLSaWik
757,c2DaKWmYRfyIsZbv
758,ZywCHtU6lBmerSDQ
759,bmuj3xarKPoTENAi
760,mEWML5uG0xzCpf2P
761,MDELTjcg4qS1NUi7
762,HVn6Zp1Lmd2MIGUg
763,I98HMjQvGpa2FKcE
764,k2PLCVp951UHgFWj
765,XfRPyY7GKk1jp4a2
766,YCPn2Zd7J95sKizO
767,FMT3OpuUftwWJRSv
768,17VKAacZUYyNsqTm
769,oDtez04sg3pirLhw
770,Gumvcg8j7lNt42Z1
771,qU57MTZoAFV9gNyz
772,UHOspztcJSiyDdYI
773,eEuAiZDl907TSq3o
774,gO37lpsWoaM9jYVt
775,cByJhuqCOZb4SmHa
776,6tsZYEpUOwGohSai
777,sKQuhDX1TPpzOk05
778,xY4iq9RmVEjkZOlg
779,wyW1axbzI2Xq58nK
780,WTvua5ZSzGBgOAbM
781,UVxObCBPAuJQ8pFd
782,gM6XxQG5VbnOsdIY
783,Tnpx76dXcBSmIFhs
784,rW1aSKg0TOB7j9ym
785,ALwPkieD3j9x1mSR
786,4pmyrvh8MOZn2Bjt
787,kQ4oB1AxLNqHsCSG
788,MtFQsAVuHOJaSEUd
789,dWDv9ti02uSbGgmN
790,cHKGRMaUOZL2QjP8
791,pXg8HzocTCDGLrwu
792,1RaAfSWh2IolqKYe
793,5xYg0OkFjSWZw2Do
794,9Jry1RGfEXg3qUvH
795,KHCXPL7heGawoAdq
796,EzNfoUC70W9eFk8v
797,EiSIq4RWpjdDCYKB
798,qbjhk3MBWDnGKy2f
799,zUM1rdnE0yPi8lKD
800,jYWLHeXGgKANCwFs
801,3qswVCaDeKi19EUM
802,Toaenq2L6ur9HjSs
803,82RvPakoi60IWUds
804,4Iotpu12rs3ag7fd
805,mqvask8XI3y5rMCQ
806,4AbxD0eyh5CugV17
807,pNOdyKjBXmZ2oabD
808,VKuHn2BlcaGMFJUj
809,muYF8sPrOC9EeUl6
810,x6zsNA7XVQpclMEj
811,OR3jFqZPxvKAwSMQ
812,vIUg4K1l6ECJXyWG
813,p61T2zjc85nr7kvJ
814,3ITHOBC6cWEKDrMa
815,G4MjdTcNvpUqV38W
816,xZeysuniw1lcYj9J
817,phLG9iOQz8SICyKJ
818,3dEI6H1jzxOQnK4o
819,YjXti2uRFZdmTD6v
820,ZghVojSdeDCmxFMU
821,09Y8J7sMyrNdHQUo
822,aznOpTFvVUP54yRS
823,eBZwqsIJ13rCnapM
824,cybtVRIpFLZaDx7H
825,bFBgwlojaP6y5TEr
826,jxLhniwk5l13A9NT
827,XtqSc8eCgDElNRnM
828,GhYeJAVg8q9NWjrc
829,u62GotzvPaZMexfk
830,CduzUBnstyMOg26r
831,A9f4pOJhQ23lwuVc
832,WrBE3wD9k7tKsVS6
833,OpUa7QCfowFPclRW
834,nh3v0OFZxPd1gV6Q
835,JDBVp62jwltYnHKc
836,spQEHLvONxibhmwV
837,WaOU5DbAwViS3NFX
838,sI2ZXiMN5Eo7ez8v
839,VmvEK7LbQTcreY2g
840,rdP4QgsMBSLOAkZT
841,36nbjk810cwWNeso
842,3JXya4DWbdzeBpYK
843,0n5dUZXIrR2kAFgL
844,70Pnjk3rfTtv8Yic
845,2P19yjKiuwAfh5lx
846,pWT1UYjD5ktGqMZ6
847,YCevaEcfPhKJ0Ujb
848,iOpj150ex3sUW4Ag
849,ywlFgiNOt6XKPZzf
850,lmF67cxevu1HLiWb
851,ysVKqkwiLXNxQT8F
852,7hvRFMkVlEIbzUBS
853,NIzCbHytQieshLfr
854,gWFCcmHwkKXqiptP
855,BTkd09IEHCyuYtoc
856,UDyNcnhCst0A86lv
857,u47AWp6iBbR0CJdg
858,VO2gGC1c9UK64zsT
859,sTmuUZjoSzWAOQYc
860,k73TmhMZbIaKvqSQ
861,95svEwtUJo0GuWdc
862,UOK1n7DkvpstoYed
863,1LXaziMkydApsWnG
864,pStF23WJhqiAx5yd
865,z2uZejmpxLVtb9K4
866,lbpKYF6k12WsEo7G
867,75fpFlbvOcChGsQw
868,xZL1RvmGYXquH3br
869,1KU9nybVAMvDJPmd
870,RSgTpioQDGKeCLw7
871,ecfUglkHQILNKGw4
872,wy0mdl6CSNZbrG7p
873,Ug67MxZnoKOJmQkf
874,59cqCx0HMpfrURNo
875,Ghc4S6Cwo92vl7Ym
876,s3Qaj5nq9gvSZPIh
877,Va9KrLJWGhxd0fCb
878,41qM6LdmDJNtAlkf
879,fsbov6qKZ9SOJdmB
880,3q0tdIMXcHZf2G5s
881,bjs4qC6n50wkFLcv
882,Zj2fr1TQRiHdODEm
883,FZl8A3JvPGjunghO
884,Mo1rYqUTG846z0V3
885,9ZeL2jArldyMWpiH
886,O9DyRs8WaUhcH3tB
887,GXsyfRlBH8kFST2E
888,EIHsaT1fkhqeYLAD
889,E4r2dmMZow189v5h
890,lLGxhBRTjwaCKI8e
891,2Iyqg7kKOv9cidLF
892,N2qskXxZFfnblB9y
893,vPd38nAa4LmIEFyR
894,syLkmqAFXfE9hHTN
895,ZIOzCi5dwNxyoLvm
896,bpIk5fB7dQJthmnT
897,fQWyqwBAZ20UILap
898,RrxgEJh6cV0AefN9
899,1RZ236YCgLmnoGu9
900,JK5k2gYwOpEZ3sVU
901,apuRCG0bNUILJTij
902,faFqtTL9ZnWY0zCN
903,cUDnh5raAsELf2Ki
904,pk2NnMsxS0yagOJD
905,CKql03L1TIBGVkRA
906,6C7qN2DXRKtZifcQ
907,8retMf7lS0hR59PW
908,H74dVkQW3cyX2prf
909,6lrLwG9IWexDY7a5
910,lkBfEX4nijSsQt9L
911,MWghr5QJpyDkBdAY
912,UHEu157t2OpX3bv8
913,RWt3wfenzjBhuXZD
914,zcZ6sOQHbkpRx9PK
915,IjVfPCpA6041rzwB
916,GYP5fM6jlhTcd4iz
917,8zt15jYrkUylDIPT
918,IhlNECFygLauTx7j
919,6cqULgIjSKsmoHn0
920,4fbrRnt68V5J2HuY
921,D7JVwf8EPFzLGqvY
922,5Me4i7KcLDvwGIHz
923,HpWc537LiYg1mR6F
924,1N2autqIrDsF9wgT
925,2N8ioxqLzp7JBTYM
926,aJvrOHQoLct3Bgzs
927,xKjJulTeoXYhrM19
928,6nLkZt9aoSKwP3Fz
929,iLrUexFR3fA2vB1n
930,WoE3jBiuhC6qSbMQ
931,nUDHKWox2IdbJe0p
932,BjVfp9eIb8Cmgtdz
933,o5YM9xU0PHnZclCy
934,JmZI7SlbkBT8hXVd
935,FvX7Rl4gz1pjZnKT
936,KmZuE1HyzUSw2k76
937,smRtfOBYTFUn3PbA
938,Wl8hb1FxnZkDQi9f
939,qcRCS7fz2k3oFl6N
940,iMCaRmxJEePuhLsj
941,nNfJMtKyT87Rd60s
942,DVkbfn1IZLXecUuo
943,oOJEcrwX5IS7DzdB
944,vIjWHYgQkilVo1Uq
945,Rv1Nc9beqQu5oi6n
946,cQowx7Cq2b0Lyg1e
947,mlhfzbj9uLBqkpgK
948,wbd0iV2rUxoBgPSl
949,DoAi51TdWah4ZbLF
950,QACcfwux7L30FEe8
951,gkdwCfNQcYye2TXt
952,Yr2NlfXSGaILWonk
953,3qokijzUTGb8KeHD
954,eL34OPkjvSHVzBGK
955,uQeFMVrSi15ODGBW
956,ENirg7THAcDfn9aP
957,PrzFJOLqevnWxapK
958,YqnObl0AKQmcWoBy
959,aIKSfNigBpyClZYL
960,FNa1XOL7vUmcT52W
961,PylvghZU5oriO3cq
962,eLGNh26ZHUJXc5fD
963,iuOm2jJ6ELfYZtVN
964,FIMsouA8BSimh6zd
965,B3DWUojkg7eGMscY
966,HhSfPA1RGa3cNtvq
967,Iq6OX3QLD1zuYVTe
968,fhckr2iJtgu31VH9
969,rS90ulF2xzJUdLD7
970,IDbhJpYmv8l4iftE
971,XSQj4RYrhZcqomsa
972,yQolwGzS6Ve8X3mZ
973,kbFal20vXCsMZYNr
974,eOUYhC9jkcQvDxp6
975,cSYTVt9qNwfaePXQ
976,Xdi8mJA0BnIfeL5q
977,qRi4yUAu3Pzanewg
978,lPgGHxZNv7C1sXQr
979,UCLe6GbqykvtpNm9
980,9euwypL2vomTg1BR
981,aLI0KqXJZ1pE9lYN
982,WzpK84oZA61n75H0
983,V8k0Plw43tuKLRIg
984,5GRYDqO0sCrWu8l6
985,x1XmBhdGHZLJAytl
986,LIvUDpBKsOF2g8lu
987,4J3v0cmzi7Gf1syq
988,eEx7u3RzbwYHX4yj
989,JtrmyD3xn5Kh2epC
990,E7kRo6qerF83gDn4
991,x3X5CeOLt0TjZRlM
992,fpgxNXRl8djYkm5Z
993,vbyeNodGXf9Rklj5
994,Le0soGpUnXMaWTjd
995,08PpU3KHSWnZfmwb
996,9Xxil5aReUqD2C4I
997,OBSZdWjMh8THxvuy
998,volhnFM458qjHQ7i
999,kfUOX5w30sZ9yQ2q
1000,arV94QgkGYNRPXsI
1001,UWQBjTugKnqSl9oL
1002,rNwonApsa8kGZdF6
1003,BIzedcHutbr3aCxL
1004,nVTwM9hiIeq7pb68
1005,JRbPAEajDOq8zoYt
1006,nygSMJWqKQ2wAf7h
1007,GslohMukV4iCx3gj
1008,yxUo0ZVtRpKaDjgB
1009,86v5LsHMancmPlfA
1010,46R7Uujy2aQnGvTs
1011,uY4IkyBmxnhqXM83
1012,fUAFwItXVyPoC0W9
1013,V1KABXMYW4gGL682
1014,ZfWa9XF4sUDEjBp6
1015,oSEyAQar3X7xwng1
1016,GlBnFau9mRjCWvKz
1017,XzwbcsOJon1BaI08
1018,txTJ8Hypm5P71wfg
1019,PzXTe6VtpaqoFY5Z
1020,wxqkVf17vLuJo4Kc
1021,ADZlQ1jpXhILo5fa
1022,601ZCkHDVr8oSaR5
1023,FkK21IS9MvJzlGiE
1024,YD3rpJPn5WG4qs0C
1025,WYSpsLb5DmtdQxjg
1026,ODi7YWX8RqmlNgVw
1027,aKwdycXleIEri9Rq
1028,Apb7xXSiWEh6DqLr
1029,AC4gU6MkoBShZxPH
1030,pq94wy5OQNPmS0rY
1031,TXNnVmthPIrHCcJO
1032,obZxRvAfQzjE7tKB
1033,RWs2qKgLHFUlak0M
1034,bEzVOs0FUSTiwJKy
1035,rN7cQ6sAoayYMB3l
1036,gTLUrcBJm7fE1Xin
1037,KMzHA2C5sxNdYIQw
1038,NKia91oqcmAQ6BwI
1039,u40nEj8fFVdD7owc
1040,vtpGKqB6Lb7N4x1d
1041,PITFtUmXxlKfv5S1
1042,lDgHrL68Uh0c7tso
1043,JdHO7GuKRZ3Tnxtw
1044,YFeiBoRlWcAC3N05
1045,hHdOaVnB5pGyMwS7
1046,jfaipsWHzPUF1NuC
1047,eXFSRnVO3J6Hfo5p
1048,sWSojXuihBF1rb0Q
1049,pXK9MGzqAE1WIxlu
1050,c194hwGmKTHjQIbE
1051,TUHz2eto3Os48DNm
1052,jJi8N3xEGZFcslDO
1053,BAKO60VP31E78bMQ
1054,Hf0aecXugvVxQp9j
1055,IOtLozcCNk1v8U9a
1056,1gi5AR7zpnkGbCUO
1057,842NCvRwPOuASaj0
1058,dIatOoXJ8u1vPEmx
1059,rMjCOe3oRhUWwcBn
1060,Cb4wvlLJrABXkhEq
1061,OCzErhVxGsky30JI
1062,2xNOB3rRXEasqWJA
1063,BacSTkJhFPQZVKA6
1064,yDGwOFhqZj7Y4sRE
1065,kEIWHRODw61K8mnT
1066,K36vkcZYt7AlCxos
1067,2SJutMxR1egYDELi
1068,dx19ItmuXHZO7pe4
1069,yZWI6gioDKEUqfpj
1070,a8tM0rbYsFym6nu2
1071,7QSk3vbZd5iFYruH
1072,w0bYmJ1OUefW7tHM
1073,5LAI3limsk4PVXrc
1074,bA1cudyDVXJ6Gs5P
1075,anysZTfYhdgjlIwW
1076,fWLrt5JV0auboQR1
1077,9saQBKrtPSMuypg5
1078,8Q05HvJrpdCLPaME
1079,9MgQYHIqOLG0RtZV
1080,JWjxkzp7m2CorF0Z
1081,UnBqaiWxvI7u2RbE
1082,mSMzHBGYn5rcjwLT
1083,cx3jm9INPBRGnrda
1084,BGu0C3nxN1eWQFK8
1085,HuDgKr8F9d0xcNeO
1086,7FSRDbPZGwA56ovn
1087,ik2RPqvb8yN9QIdg
1088,STY4kiPyDFBo6eXw
1089,aAfWKE8UIMNvznFd
1090,LzwZB89JNc41YCFV
1091,VcsPoTInJKM0xgCS
1092,uWgRsO1kZvaB5M6N
1093,qnjFG6MriseDIp5C
1094,yDLnsMvd9FIGYepU
1095,8Gqdy0klKxtXDH1V
1096,nAMZ1R8DafJ6UQ7p
1097,vwb2mUQFAlTRhpiD
1098,KltM4shpv9iSyC0a
1099,x6QSk87a4N1MpnTh
1100,eyW74vBCKNRxsn3L
1101,Y1eQiTvX09BDfcnZ
1102,rcZWugFA7N1LCk4p
1103,tgG3ZIUL4OrNWnl6
1104,GkCZA6Ro9vLbfQcY
1105,x2QZIavX3siqrALH
1106,QP5YHjfs1zNidO9J
1107,bxUwWuQdcpE1CnvM
1108,BCXt9awij60RQuog
1109,d7k5QLywUIAs18Tg
1110,zAWeRNvhEbB6kp29
1111,4dpknoyqJjUf8Qx5
1112,vLOcJ9kWtem2STQP
1113,3gbCYMP94twmBV12
1114,Iu0y6UCFShbn4AZ8
1115,SK2g1PXULbriY4FB
1116,usoSvLV4Dlzfw2pd
1117,JBEwAPCs1N4VfQK7
1118,apuOqPQxizbMI01j
1119,ThWHCPDw7bxOK4ok
1120,tKNLSM3fHVFnXuAe
1121,7mt1KZxbcuYyHwz5
1122,LTej3JNhH9mExa6r
1123,hl5QoJUnuNDWer7m
1124,A3i0qRgmIp8ZMGbQ
1125,pdhQegvTn3k4fUaJ
1126,U4nutCqPN7oHlFKX
1127,YisG1EtjVmRfo9SD
1128,ZVUntBs3Pp4gS165
1129,x4TOm15PkGlKahfw
1130,TBLRk9nNaDfx7vHY
1131,cDt6Y5XAnyGPWsdH
1132,5JcxGRSLWITglV4X
1133,RNmXsfvD4ogEJA1i
1134,65Ctc84RAsDlQgBy
1135,18WIEfHrkQAjNMYK
1136,QBUqDHtAGeohd57j
1137,lQIYa6UHL0SCRVyG
1138,w8zjq2X5FptD6RCT
1139,9M2q5OjswUSdY0yk
1140,LrVHioMPklBFTvuN
1141,cZIFw1rxGnYStoKe
1142,dZafTh8OKY3mCxB6
1143,XzsgCZ7I34Ea9kFN
1144,rOZ2xzg8BADSKeuI
1145,rkUe2DNOzxCoLQl1
1146,FrcgfJ0WyhPLuTBM
1147,NQxtMpsiOR9EecVh
1148,pADKPuLGoT8rCjbE
1149,wnrz0EgoqvUQVH12
1150,zcH0r8MlDp1I2sKu
1151,wJ1Ij8sC7mEuZnfP
1152,VixcgZPkItm8ATyj
1153,boVmFwuJzjUS5EM3
1154,4gvqpeiMyZR8a0IC
1155,TfKyvgjpDc0I4Jmq
1156,9VCsTRdiB0Sjfwat
1157,ZD7fk1HN38prIho9
1158,h726rcnWqRQOoSvL
1159,wejbG8r71xJaOfFq
1160,7Bq2Xh1CFodZE3zk
1161,XDx6ruOAckVKwG4P
1162,cA0Gop2P5engfWFI
1163,hO82cTBSJ7ldpEnA
1164,2BhgNfZP3KjJ6rFX
1165,5CeoxlO20bWuayKg
1166,tOEUjN0IlGzLY1Hv
1167,isTGAgceYktpu4q2
1168,Xu5M7ZiDp0IHcabO
1169,myweVDhOIN89Pz2X
1170,DtJ5ASVsh4xP1WjO
1171,KzBoZd7fE6m2VP49
1172,ciSFn7DxC4X92goL
1173,9VhrmdHQF2iDLTa7
1174,1klaKfYQpZDwO0SA
1175,d92gG0cH3il5DYNr
1176,dwSP5GVs76FaAgnD
1177,2eLt0Zobmn5RuFvq
1178,FKbiuyBWQEIqJfrR
1179,fPvtsmOBlgEaC7qM
1180,AUge2PnQ5BOTYGRf
1181,fwP1MzaiHTn5SApq
1182,s4bljYmpIoVA6MRt
1183,kgG3JHivXqYyzTOw
1184,T786v5jonhZNVwRO
1185,aSD6Nk2BsqgEjJtZ
1186,H2Xjh7nldQti61kV
1187,EnfQ4SC5pvVbIXJ0
1188,My06u5RHWI1oACtc
1189,vRINj03L2hk6dZKM
1190,FaXrNLT9qy30cuV2
1191,x7tanSPDVzIJH9lw
1192,VCjfMnbNrPuS0RLh
1193,T5Sa1GPuqDpF3Bd0
1194,XI4FiHfyZx3ORwnU
1195,HQ9bERV3MnrfodSA
1196,KrRsemX7n0oVZCJ4
1197,AjuhqgwrYkzZFN58
1198,UftQpe07CowV821L
1199,4ax63jok5ZSePrWX
1200,H3NFEzXR6bg89BZV
1201,N9pEJDduoyjIeYZH
1202,J6hYaiQurGDCVzFO
1203,ty4e756wZxWDVEAO
1204,tUOQ4RhNFaSikAg0
1205,i029IzZ1NHu5vdFW
1206,Aix6NcuonmsaOv7Z
1207,TGfVaQe7D39ONCmy
1208,MDc2ymoretCTzSsa
1209,wq2SYpGgihDu97T1
1210,VT35acGShv9pjEzn
1211,QsM5bVzy37XkrJ2e
1212,Wil5SbhDdp6xvXn3
1213,KSa342C0jdxLUGyI
1214,k6FBA9adnVqLX4wO
1215,uT3sgbdAmBoeDW1F
1216,YPoFmBRpL0sk73Kj
1217,gJyC8GXL23qoYeaU
1218,37jvqOZiJUV1gudM
1219,6hywMX230LJ7cdN8
1220,AH5MocnQtkuqpysl
1221,ajGr2u7ibWVTKmUO
1222,VZLRgloEmnbCiwd2
1223,edskDyFPZG4Ea9lb
1224,8Maq94lQbnEW23uO
1225,STjc60Ws8V92fe4E
1226,VjsiXT1g5hz0rdF6
1227,rf61gKsSL8dvi7Jn
1228,vMZyXDCI4egbt3lY
1229,NHZ1wL3rIQd9hFgf
1230,gYi612MnsZHqSlUd
1231,YRlIqUCOagLrD2d6
1232,24xGyrvHpl9bPUI6
1233,UkPSKZXGFsxADeEM
1234,BexbSzuqarvXyEIJ
1235,knVwDgbSP69jtqNJ
1236,IZ2s8ToULX6puaPQ
1237,wQH4q3pVP9RiszCX
1238,nrlzXJE08PbkMoxI
1239,UaDctgo63sndNieb
1240,8MPl5ZQJ2CeWx7yh
1241,cSACBk2hq0Owi4sW
1242,LdePBtFEUYI8iJ2G
1243,q94x6VlMFJsAOaNU
1244,AUkuLMhFOiI3sjeD
1245,XgAEBRoTDUtVJKL4
1246,UAVuYoleTxRqQM9w
1247,gxihcw1KuakI9CDX
1248,94rS7i3NsqtVQwEf
1249,RgK5UImMT7ZwFko9
1250,pGf45atSmTPYLAwZ
1251,FpTaGkuJn9liN7BO
1252,GvKul2bXys5z4BWa
1253,g715JlmZCP0kaeOA
1254,firkUoKAywDGXh9Q
1255,Iaw87ZqFCRy0nLvx
1256,ts7G1dw4JcDgSLzW
1257,dt3zAR6W7NVpqZiH
1258,YyiulXzOQtG4UaVB
1259,wo5B40WnaQ3JOfTZ
1260,7Lo3wAe8ki1Nvqjc
1261,cvWIgk2DrPUbMxwz
1262,ZtOGLxqpQBcjRneH
1263,cptXs3wF1jvekx7J
1264,QYyULmiHb8kMRBuE
1265,wHzgtKkuWZNAxU10
1266,FpfkLw87qsm9aSeI
1267,l9ViXj0fhkrSWxC4
1268,wJsFWSRlQiBr79vK
1269,Gd1zg6CT2nIFHXQ0
1270,C4AJwnTf57gltpsr
1271,lHfj6ae8SLNPksFo
1272,BhLloVbrkwR1KjUD
1273,Tyc6LZMGjPa2Er0o
1274,O1BkXRCiPn9myhWT
1275,GASf24nV1ejKrmIo
1276,C5I6lM4XibSs2K8R
1277,hj0L6SFJUGvfeO9k
1278,V9bLZwufhrKUBzDg
1279,E4zLt37Im9FSQTJf
1280,J7EH9PW2lCrRYjfD
1281,njsJFluiZDOok0QA
1282,oEMhfneP5Li6x23D
1283,Uqid5b8cflQOHSak
1284,cqQ5ZpUJBwsWvRej
1285,v701q6jpGFgP3IdX
1286,IOV9pltnSg60TDfr
1287,3fQ8pimHsPuE5yDS
1288,BPJZk32HOWN6deEo
1289,Ju0RMXTv2qxFGoYp
1290,rH2QCmAOzS4KZJP7
1291,pRB3HVilMD0qo9FI
1292,R9GgBdAYHnhwOjxN
1293,hU2dsmuGpEZRLTDl
1294,ljh9TiWCXGpVsf7z
1295,D4R7jbsp6F2EdSfr
1296,SguaTx7hw8roXctY
1297,l7yZakjw0FYBX53J
1298,1dn73r6lA0gJm4sB
1299,r7CjpVgiRT0UoNlz
1300,GiqwlrhoxYN0HdFP
1301,mAiabToM5fvJ9WPF
1302,owUVrpT3ylAYNetM
1303,X7ztb8ncpgQILwoP
1304,JYsMENFHhGOU2lfK
1305,nfqQ9xL3Sw4Rc5Gv
1306,R0blr5ntyVj4Nzp6
1307,I5c6GFqZzXEYBAuR
1308,7t6JR3UqvsBH0pNa
1309,tG5nu2RKmoPxAlrS
1310,RV0Ndqifmb15STJu
1311,dBXqriONESL2auy5
1312,wXR2Onp1WC9E40Yr
1313,c42jrlpJxIUK6MFk
1314,ahyURIAsfKV9lkQw
1315,zKhFZk3XsoGDiVjC
1316,uHMPz1ynCKxY2B9R
1317,NgIAChpmMUWzLY3V
1318,hXY6SAbDuZnv8Ea3
1319,mylGTnSBIONCL930
1320,NHl5YGdv8X4gxjyB
1321,r9S7V5GXE68bumkN
1322,QvHWCjDt43zn98gc
1323,COGMkKiUEceFoNqP
1324,J3XtC82yeRprDmnz
1325,wUWxZ8tNFkKe7fTy
1326,PqSHdJ9QWBT1UeZc
1327,cwFkWrVEpQ50TgJX
1328,uKT2plkjzPqbfJXI
1329,ubehWarQp8ZLPt9i
1330,9REzWtp26hgISTuc
1331,aJyrxoiwEzktpnPf
1332,KnHjsV8207iA5uGq
1333,O5UVICaEzJRGAHkt
1334,KAbNfcnoQFsg83W1
1335,B8gSa5YHUyXMZ4LO
1336,hDcil0mRSOv38Zgt
1337,EjaLKiMoVwQZkYOd
1338,QXzMYPSi3HZ2OxA4
1339,DwmpEF4PQUcGIfuL
1340,hRN4LsgAtz3UkDJ1
1341,0U4CBZ1DQ5aGks2L
1342,7zq2cEUBfKGX4CTS
1343,Izlp4oBgUiKRqJvd
1344,S0zdY3FDlu9nZv1g
1345,YfgionBCWez1wj3J
1346,VQR9ltLrnevjUdKN
1347,YtSowudhr87kDWO3
1348,lnW1kp6P2GY8BqQg
1349,Hm8ao2VFkrESdJc4
1350,x2unZYlUIWr0yafh
1351,pU9FQVhK2gROno8k
1352,9ZdNevk84Gu0OWwf
1353,A0YpD8bmSQJH5eyw
1354,J0A3Roj4WVG2bB6U
1355,j2xLlGDPth03AvTd
1356,3domB6IFe5SNOnEG
1357,aOVYD3r7UN6BRZ9H
1358,DKEdH4LJ5iZnW3pa
1359,vMZq4IutF2SVBA07
1360,hKXj0s5lftUdNOgo
1361,z3ZG87cQ9LFqfTXo
1362,JM63TfhyScAXYP19
1363,OdSEnqswJpXivB3Z
1364,ZurWhBd93kTnHYDA
1365,crZeGgJHfFYblEV4
1366,5NOJeplZfg1bmk6R
1367,sX0SqwNk7j4ICoM8
1368,gLS6VTCm1cIQEBql
1369,9aDgrqEAJT81cuoW
1370,p7L2UOKxnF9GHEd8
1371,dw3QyiErK8OF1N9M
1372,4sVr5aKtL1ibnfhW
1373,Y9kI3qsUmZVflW28
1374,S8XDoEG21CuyRrNA
1375,TLjri6ZXEh1NtSPo
1376,L6vdJtW9D0XAFG3V
1377,8JgiTOLEsGShU9MX
1378,w2eNcVEyX8CoYup0
1379,QKcE9bhUBVRzdqDY
1380,yR3jo4ExkvuHB1lN
1381,b0O25SVTRxk3sjZJ
1382,R8oyMHDZQlALiejw
1383,5Zme7aGldApxNQ6E
1384,ImTnr3qt7v5PazGL
1385,fQBkim6Kv4wWaGdz
1386,rD2FzIqEl6NZUsmw
1387,P5YmqFTMAhRxSCe2
1388,YyoFJMzCwSxgU5ej
1389,7QFKOoxa2ndzEZpD
1390,F3Ho0UITDvyszw2q
1391,rzGVZvqW4pYNbKu6
1392,VOJDubywrsEGFcId
1393,ACDtMSJ0amVKBrqG
1394,EmAZSrDRjYh5JBPo
1395,uBDC2G1Or5yEwJ0i
1396,VsoNfBPtcJHYMhLe
1397,zKl2Ub145Xp7rSiR
1398,pCmZ76Bd5VezLYj9
1399,T9PJusRMhZkAwSWF
1400,t9KXAFjZO8eWsf3T
1401,kd0wOlp9x1HWu5Y3
1402,Vd3LXvoJ8iFUnHGN
1403,4mYouck0sqVe9SEa
1404,R4bjWkKBi7d8hexU
1405,m6QX0o1GbnaL78Ut
1406,muSGQfJsUZ7v03Tl
1407,tBi37Dpy9OuZrQnW
1408,459Tv8usjKcdVxpH
1409,H1QFaJ0NVs8qpueK
1410,1vfZGzu7VDyISYs8
1411,ehI1f0NLTxVovUrs
1412,l7jumzaNAeTp0HyM
1413,YDWwbahl6xP9tv87
1414,lzSpNhkf1H3D4mLi
1415,ReaFmzilNEbCKUwr
1416,aizf1JHcjVxev0B8
1417,yturdA4KFaJCls1Y
1418,aIrMT96AcCpsKGYf
1419,G3fm016w7lahbTQK
1420,l5kNGueSnKhpQJWA
1421,fYi4BHDoInG8bFj0
1422,JgkI73jHTlRC2xyD
1423,Z6aFEq91hISzAVKB
1424,OTb3RI1ZQvqwNWGY
1425,De5Ggjc0mXx1JAqt
1426,N6i8FUYyOVl1p3wf
1427,sP5wXTNq1oyCmHjd
1428,RtNScub8g3XM7Om1
1429,DI3LrtVXu5WeaS7g
1430,JmPWRNFVYTsqMLgo
1431,6kmeHsxS2J90EhK3
1432,OpxvyXfKbBqumVPi
1433,LY16nmVg2rJox7ad
1434,VFDqPUnJOmNu2xER
1435,k6nTxJfOZYIh4KXj
1436,cIgJl8rECek7U31w
1437,7mAwbzDo5X2GixQr
1438,Fj70kHnSRK9rpO1s
1439,EUFqPxzlwa1HLAV7
1440,ZnxBb9ltfq1SAT8r
1441,PfqHwTzGWctvujB1
1442,jxLQhtfyd2YCNWGe
1443,t8Z5N0RJLHdTfxzm
1444,XWa8m6sKEn4TMyto
1445,ryGlbpAuvX3KCmJj
1446,5nqvBr3KfDasRxTN
1447,njPZTQ0HVwIoauA2
1448,PNxbsDFJf1GRnT2d
1449,EFjO5ARkyvNdfSb9
1450,jrwZIzpq2UF5Ohym
1451,K5lYUvqhNEFkxnJG
1452,xzy6Hi0FTtc72Avn
1453,gLUWBY4nx3hV0O9P
1454,rARkzv9NKZaSe3d6
1455,zb3GjTJNcAMXBqwW
1456,NyaoS4VZApmCU6BQ
1457,cxHK9OP28e0NVU7M
1458,svPpxcRXN5yr4o1z
1459,gvdJecaQpCY8XnGl
1460,jYZwWIO1HcTV7PlC
1461,LBCq5IgjwJauZtXH
1462,9c7aN2omlhEvRSJ3
1463,zgIJE5AeCpDMb0SU
1464,gcLBPxYM5GAda9kz
1465,caGYyqEfz63ibMUu
1466,F4qAbt6YPgWm5kJj
1467,PSU27lWdakA1FZ4x
1468,3gyirF9O5mwaLqXu
1469,UOopwnJ5SKG487C6
1470,BGdMxyTUhW9Vo2SO
1471,XcTQadMnGxOYLoyj
1472,bsqRBhSwNPcpVTI8
1473,2EFdZuBJo4AxTmvn
1474,ctNOT2aVCKb9fHxE
1475,H1WaniV3e20XG7NR
1476,P0wQvoiEL4gDaFq6
1477,gtFX7fzCxZRWhY8i
1478,4iACtIDM6xV1OhGb
1479,PheI4KrXWRVHSJ0U
1480,5pyvaOSjYCfhkGu1
1481,kTCXtEIUp2AbcDB6
1482,b6OA0Tn78KXBW3Se
1483,lN3j0mA7BSeLP5Uk
1484,k0qJZMyE6GX3ltLN
1485,Mr8tTQ0IsO7qHCUm
1486,bhFjP8oqauANIU1H
1487,ze9xt0pNCgmAHifw
1488,zyE9KQMwDoTdN1h2
1489,YwEt0xbDQsLMXmvO
1490,lJsDFgXQYU0Ljp81
1491,py5lUPQOqafh39nC
1492,umISgxULQHB6rDT9
1493,RX4JdLmr8FjD2QSU
1494,hgEWQIx47XwVr2aN
1495,mD4PLk1EApS82fzR
1496,XGWkfbAeEcLMOuUw
1497,yqR2wviGDjZKYe3u
1498,pgbioSdGT0aAW6ks
1499,MlZYNrECa1qspx6i
1500,hzlSU0kLcFRDpK39
1501,RgdowysApB5WLS6v
1502,1NTR3WmaAHIuVoqx
1503,vIVfa0HbhOzckodM
1504,1foCPuzDyZgU84R3
1505,8TRLaGmQpPV4bOFs
1506,JxsQmKijSWMOCovU
1507,TljIikyU7QwWV0XD
1508,OMnUNtJqr5msWCZx
1509,aAPeIc0dJUnp529z
1510,40uLKFMi3WmNwAIj
1511,DH4FdBqIiLAaGZwP
1512,jAIbSrVxUioYws96
1513,DtfhYyQ3jWBexrCI
1514,5ijsf28kgQCIcT1K
1515,OuhzopawJgMIvAWC
1516,fkPZO0viejUDI7Vc
1517,p8nxLfMvmFOjlqT9
1518,cs0Y1wQlqmngHXfu
1519,VHqm8ht69vIaAFzg
1520,My0sg3pWuI2l6KCq
1521,B8tRvFSLeDi1puzj
1522,Qvonu4TJmy1pq5WE
1523,uWGLanoDyxH0V6R4
1524,UxSHruKVmyLk7hcP
1525,A0MQ6Fj5qghwG3s8
1526,9qvboNKc4IAiX2DO
1527,Oqzm3HLv54eWCbdy
1528,J97t41rvGX0lidhU
1529,3sWZn0BTChpye4IG
1530,ltigCR7SrUb0J6c9
1531,369Ewy5hFP7WReDJ
1532,txYoFO9c1yfh8jBI
1533,1WtesqxF4MhNnVlK
1534,1Zg0OMEmrHyG6JYA
1535,ONi3eszjVlIT0KA2
1536,L6VT3SBFPCc8KwrI
1537,hnq5PGlXmKgwBeid
1538,pfavUGCI28F3Zo1j
1539,jNSHPk4mW3fTzO0n
1540,eMjGWNP0l3cOT89t
1541,OiedHnBAk60fhRyj
1542,b8XcITNR6twY9K27
1543,FqzPDckNQgl78Eef
1544,CytkQlfo6iYnW8VR
1545,sXF17VHTuJO50Cta
1546,UWjn9mPM0iXL8IRo
1547,5zCQyLX861FtkUDZ
1548,7h2cVifbuaQxWY6j
1549,rcwdQTtCEn1DVOgi
1550,gw8MiE540LVlDCdF
1551,knUfrKegQm7pwCzN
1552,DvJdZ30xc8NyuML5
1553,q2AXnvdpVu3izFJc
1554,69fZUaSYoyEWNPcp
1555,SVtWR4D1HPhLCGc6
1556,DExBK7hOF845u3iL
1557,El3tfhQZ8jsxM7IY
1558,GF7o8rOy9Q2fqHTl
1559,DbaX3iStRz5LE0ox
1560,rCywXJNkZHOn7aiY
1561,QlRkV1FU9jiSNfBu
1562,5eO02IciRlWHLJzB
1563,npwPJWALZOmhvDBC
1564,W0QtCaAd1OGB4k9P
1565,NhClmf0R5IVgT26Q
1566,vqQgS0ULuc741wn3
1567,GTMuUaFSegQA5Ihx
1568,nZJKd6oPSmNrL13x
1569,J2x6Qa7GNvX1qCuh
1570,Qpu1IVLJYB4aCkMK
1571,KVRHIvgy0YBG3lps
1572,aTtBpLjDkqXOPElS
1573,XoeDm87f2Z3WiAPF
1574,hvZUFrYEaj5XVbWC
1575,G40H16w8fJdZLtho
1576,ZSCouV0PW6IExdYG
1577,l8ZfY1HUAMaWhceo
1578,9KG7fkxdoVDHwtTY
1579,ixXFVQlZKBtLgDT3
1580,ZvcY7EOjiQDXVWsy
1581,vFTNyrXPsUdJYgb4
1582,fctSFlpyTPwbYMBG
1583,qfkd8QlJO4SLsyeH
1584,CyHNf03UFVgYS4E7
1585,NWx49yd70G8VnObF
1586,AsfbT6jLXIFQ4JG2
1587,G52ZpisdIvFf0ayO
1588,dl58AkoaShz7ngeB
1589,5IGae2PLxuwi1R6Y
1590,6qtfQSIX7sNO2PRh
1591,AfLRFsSUJrVlK3It
1592,W0EfZ5uQrIcm6TdF
1593,IATV7p9afxJGrXe1
1594,umXYF7oZDa6V04sp
1595,YInJvhpM8x61HaB4
1596,qhb6wSrZNYTixaMy
1597,Jzc9wr0b1DAqBnC3
1598,q0hNTGZusASUrjXm
1599,NkZAEQFXx5wuMdrb
1600,GcCMTs4jtSbx20rz
1601,6vVHZWM1x9XuzOhr
1602,3m8NvZgQA7U6SXhf
1603,qMcy5wvJK39Pnt1m
1604,MZzHnvb0Vlj4iIFT
1605,IQ7vLzAlpOwMcd5f
1606,4DcnK5T3WdXavzBx
1607,U8jl1AxtfcpKMqGk
1608,aIQqBr4woE8fi3pX
1609,aevQ3hIkWzuswlCn
1610,1xWk9VMr4tAcmZoQ
1611,AnPrUpGktCZjBvs4
1612,R8njBxmrzbuE2YMX
1613,jKiVdwoqGC4Y0cTI
1614,EvpsCLnhK1FYTHcu
1615,dvpylUKzqPrVbJkg
1616,k7mVDgxN1u5Hl4FW
1617,pVrDxkJiOyCX8LI6
1618,IhKU3BR6a5idlTQe
1619,lbuy5MI1vDXdYfR8
1620,28wm3pRBLXrbzneq
1621,kcZ71gdEjJQ9Pphf
1622,clBLzFTeGPqmSj6N
1623,ZR4FnbMAtdQrUHWc
1624,W16nlwDmpO7EIsUN
1625,hmSwuJ0tckWHM285
1626,NiUdZ7lb5SXzCywv
1627,3EUbfcj60VpeDkOT
1628,7OrJ3K0FHNcGp1lB
1629,smPQCxpMRVdgqrGX
1630,vuhJjCTLH7a3EFKg
1631,ME5Wni4Y0d7RvXrS
1632,SvIY1g8WCUEa0PMb
1633,siSpzH4U9LPIKQ5F
1634,T6GCONRdr4Zx21sS
1635,TIMfuevcjdER2bPq
1636,Cwf2sU4XDAuGa6Qi
1637,xMpZW3JQRvGLbDXP
1638,uoCvDRjL64l5Pmzb
1639,Lp3XBMzEKbaAmPDj
1640,fRUn6GrHiotSCYjy
1641,wAN4jSJ3hn0fWaOX
1642,kUKFwuDCW57sGniE
1643,eSacJqoYCzHmG58D
1644,xnobrN6qQvHWLPDU
1645,6x3I0MracsF8jQwC
1646,sn5rN60D1hAFuHPV
1647,Lb0av1mD8FKM7RtN
1648,aWxfT1yPvYJ2Nitn
1649,8BNEcMahYdue4JrO
1650,XocPQUwgEN81dqpr
1651,lRh8FWNagBV1vEtb
1652,8neU6EBwi5COpdKj
1653,UgR3XSVWsQp9Ghaz
1654,xYDBF29TPqrp1K8j
1655,kHenJcSNXI0VuBOb
1656,HuD8mIjzsNohE1XO
1657,hUCeE6X4Ht9QG2gO
1658,IzQ06rPqcAjmXDGa
1659,BsAwSckCruP5v74G
1660,74iSQeWIC5cAGTsY
1661,gZMdHOI20q1fhiYE
1662,Mh5VujwfJykav9g2
1663,AzXDQB51Ot3vh6GT
1664,xlYI3aMdXbfSCU2o
1665,IjA6axbc7ehzCMl0
1666,rsioNJgAySTRvUwm
1667,jrVxoyiqfhCWHKnl
1668,MfuUwI3XEkzA14Zp
1669,jOaPzUtoCJFGYHDl
1670,YQzK0XFVrufdeDJI
1671,2g3u5NR08qvI6dP1
1672,SZg5sJ2wfMchBdoH
1673,j3vC5eBZXK1zFDQa
1674,Qm0KewUMWoDrGbLO
1675,Xn8RbLaxy9W412eK
1676,5MFftsEnaRIAr1Pd
1677,jEZvagyYlrmhUCzf
1678,cNBzZXV4ef76Ptpb
1679,ORw2nSjt7WzICex1
1680,TU37W5t6FV9cxblC
1681,Zn9zHGjBilN2uMKs
1682,uVQx0lwbDoUhvnkt
1683,pB7GqwxkrC0RWJDm
1684,SZ8nqMO2WlKcAJBi
1685,7fYVCb3tdMRZDPuI
1686,rgJFb0M352aktZCq
1687,PDvr2lRGwpI3t8u9
1688,RJG8dLn1Fm9yChIu
1689,OkoaWwXfQ87FduKP
1690,3NQKjibxrC8pLM5l
1691,Jir2PHgznfpNWTvR
1692,rI6FNUPqJKawnSod
1693,t2N7qGSAl1BVPxHy
1694,dFYGgqa7QOc1BM5U
1695,vabEA8jqU2k5sZO6
1696,of8rwWX02PtlKDU5
1697,xCkufHisanZRQPUw
1698,udYFvgif59qUorTy
1699,hKdUfPmtvze9VnH1
1700,9fwHJLK4oBN51Rjq
1701,qTxFBcpsVCOnSz38
1702,9ol6UrGP1hfOpIKE
1703,r6sM5A9xYU1uGX38
1704,1Ou2Rpwh5bWYMEfD
1705,yNCPgDtaVfv95koI
1706,HNLPZA4SQqi21tlm
1707,nmMQqI0ye2CH8wFa
1708,wpLKWrZDNgyYlT3B
1709,OoGNDfIuj9ZJpaXh
1710,wuikUrPWVcD8pS6G
1711,umaNdOK1UixQAJSn
1712,XgTV1ALSh6oB9JGR
1713,lUVfD8yFZ1GqMmQI
1714,2vElOtVhUmYs76Sg
1715,FXjr1PWqueglhDi2
1716,8wculs6Z9dPIiJyH
1717,HehQvEjpb5qwoDz9
1718,OBbKaqe3yn7x9k52
1719,03uzLJyXUvP1sbgE
1720,Rej58fsW4ShD91p3
1721,nYeC8EaLlr1WRDHy
1722,TsXmb4nQjfSLYxyi
1723,EjUely6a2DhG9LZ4
1724,jRmwzOVEbLarxN4S
1725,PltiTkIBmfDdoqeN
1726,Uaov2ZJElqmNfTKx
1727,Bh2DxslT8KRwMy9m
1728,PkEj8HtXxNrpwiU9
1729,Vi4XQCb3kPBrGcFd
1730,kRi5eNfP7XIzv6j8
1731,keJEmdFapMWzcxKD
1732,5PlOXhNriKp4JqxY
1733,U3JvB19pWXkF6uCb
1734,in1t2fUuQrCq4e39
1735,z4oYs81glLNhKmTd
1736,I1O9WFdaZC2riUg6
1737,lsQ4CYp1NOPdH3eb
1738,yMYXBK0vc7IPLAl1
1739,VQw1rFSXiMTCcDNZ
1740,hg8uc6LWrMN1Hzae
1741,BxelKV7pS06i2m9o
1742,94M8uaVpoPdByOzN
1743,7EC4lcwk0yvVn5Dm
1744,W3GZnOacLw8s6BDC
1745,OYBVQtygvmh9MpEJ
1746,Ngvzb2HKP3Y1xpeJ
1747,TCafKJtsYgojhAy1
1748,2HigNvjkMlGeABcC
1749,aKCi6M8dyDnEZsN7
1750,Zvb0cmpCo2Rrk7iM
1751,lNrKfPDJC8cxjGRs
1752,WyUL5ZAfskMxlqFR
1753,aR7K85xNnD6hOSZj
1754,kLjc8x1450IUDRM3
1755,kDg56Ufw0aYpC9NJ
1756,p6cEST1OwZVhv7Ue
1757,QzeLraXUZiEGM29s
1758,AUIKSWC4THxLtyil
1759,KzksLg38JfEoIbqA
1760,iG3roShdw2HmPcn5
1761,X9ZNYqfnRAohgQWK
1762,wUF7GvDjqZ54uP39
1763,iKdPj0h6sg9DaCJ2
1764,sANO36mVbReT9roS
1765,LvbaQstjDEJF6P78
1766,NKtPFcAaQq1hYMLz
1767,rHznG98LEoDdyYwx
1768,qH2AdITjShWsFDNm
1769,pnqDEFjai3CwJmB0
1770,mlRdDpqLEKCZVcTt
1771,dM2473ALH6mqvjuJ
1772,71DfkwaoWj4xi3rg
1773,6knY95gSWxwXizLZ
1774,GX3NCtfLeK08R6r1
1775,eH3I9adOrQZ4vu6i
1776,f9mIgZqLeltcFHw1
1777,zpJM3FIm1GQ658th
1778,9WwSTv3lm4UNzMGF
1779,JD6jLTHCOualdcRn
1780,FABvkLYxJXEisP30
1781,qnG2Re3Ar6aD5Ygc
1782,pQ6vKPyjD4OzxWAs
1783,732cuXMHUa8mqPkS
1784,lYWQ5bmxC3wVzS6g
1785,yEo31luBHQrUzdsP
1786,6mLw08IDEWOrA47k
1787,nyYXSe9cU7mfBspi
1788,mwKv3DdfYJ5ylpSg
1789,KFGXTRAQD7N31PhC
1790,YawTlh8o6iHeA7IS
1791,O8BqTiSDRnXK3H1u
1792,HmjGk91yqca6Mnd0
1793,AtL16EOwvB9VrzHK
1794,WI8AyTCU0cShtZLX
1795,dDS4ps0LPo9cyibg
1796,goxGHTPaqcsO3lDi
1797,5SBuEW7gJlwyXzFR
1798,80fRtydhpqMUoc3K
1799,7BVb15or2NSU4Qvc
1800,6qi5Au8exkOm31Hf
1801,Tcop1ygF74dEUSq6
1802,hsOj7vg4Du02Vx8E
1803,Q2SWsKeTJ9H1hjOX
1804,pTyRzQkGYFwdo5Z2
1805,XQc6Zku4DjwypnRt
1806,HaYuorTXIqEl74vJ
1807,t0yJd2ckbZgfMohX
1808,VjOdfm5LZ1IvKUpG
1809,wnQFCc4iRtoKLhEp
1810,obviBgVYftCUX8Wm
1811,206pheTywEblIriu
1812,qrF1jnNwXsZ5zkVt
1813,PX9BDYGd4urNgfVF
1814,JEhlbqpcH5oKZxum
1815,Sj5x29iducv16JFE
1816,3dgS6koGQPn0C9Xb
1817,FdbfVI6r8pKTALNJ
1818,p4PbXxCO9wrfhK62
1819,h3SP0E6BZGQXkda5
1820,GOzYV8cJd3gexMD1
1821,0xkY3arQ8vWqmDze
1822,owYV1XscpK3buNj8
1823,LiEeO8IVb3aBjsyM
1824,oaN5mBcP1ZndjJXV
1825,YiJcMtvkVHunxaqZ
1826,KgNHW0stBeou1F6O
1827,LmaegRBc9MK0nN5J
1828,d1zBwaSinfIkRpFO
1829,mUxK7P6ohIOzjQfv
1830,Sc1fGvXhitCa6oM4
1831,QiXDOa1UhHeKn5C0
1832,phLtyY3AQjTm5qUz
1833,UftTPK1uk5rbJYn2
1834,Ss021E6TKCWRnueG
1835,2ZDIvhimrkGMs34l
1836,cKsnzFDaA6mgjv41
1837,lb4Tke7FDzO6Kw12
1838,BGhrKMiAY1vRafpW
1839,hCuiInc0DBLwJfEa
1840,PY85pN4strzFA9D0
1841,moaGYjr42VIiNpOP
1842,rTKNpmSBy1DRGfd3
1843,6awAdYxTByO0iPGr
1844,mi5MtYdTGQ9EA8Vv
1845,J42BVQfwlyRmnaYp
1846,o3QPCctdsjJk6auF
1847,aZ7xAXSpkrqc0FEn
1848,ngZ21hWG0yIAfzJ8
1849,l7Vwz2Sist6RuvWM
1850,xjdbHToDB2Oan03L
1851,Jn7eTxwAmI6LtCQs
1852,8MA6rG2mi04KBhyc
1853,XBPLVbiHv5MofT3y
1854,4gxhE9mJWvQoifpD
1855,9V2tOjIG7vbWB0SR
1856,KLbrNZVU5I1qh68S
1857,H5vFLash6gu09cZp
1858,wPvpzTdoS8XZxNms
1859,8aLtWc9gUX6jGSsw
1860,IQDgPhe4v7oaKFiY
1861,zp3aUTx0Bvf47eNW
1862,WI7LmT61yanwGAYC
1863,AXnOWuwN1SKTv7yY
1864,a4VHinFWsw9Pc0QZ
1865,jgzPuS2rVhaDYGx9
1866,MWyOYgtBUV5o6fmT
1867,cQzqjIBMKLx2GuRT
1868,4KxEQpUvyIFsznl0
1869,FOG3C6wvIKD9jSYh
1870,niO5J0oGL9NUXQt7
1871,yK7w3bHNx0D6XA8n
1872,R1cI3G5CNV07qmKY
1873,ej9LnNo0HypAgfhi
1874,89AFJqVk5OtP3f6s
1875,8wCSxWQzTJn5ODhu
1876,pX2qdxN6wPJsmVTf
1877,mt8KGgYJSyWrHw94
1878,RXYKu0jMT9wQ1idg
1879,JQWKyTLRpM9V4Z8q
1880,oLOylRYcqMfFKuIp
1881,28ypOFciML7k9Umx
1882,yPdhfFWXCr5ZsJwq
1883,zIWMrobAsyagV74j
1884,iC8AEB36Xc0vkM2R
1885,7hQDIdL9RJ8y6UBX
1886,jKUCZ4RNpzDWVve5
1887,hWBYlH14D3UpMkyJ
1888,D3o9iOEN5hFzJwqk
1889,oGRQaC3csPlwk6me
1890,10ZGWnRMghwlV9ai
1891,qY4x8Ap6wWU1u0tl
1892,A2ld3pzLG1bBSWtk
1893,S3pKftV524nkmXFJ
1894,ODZhJvtXGu2g9lLV
1895,LYXzvKyw5UOD3rHI
1896,iGzaNIlnDt0XZFKT
1897,4ufPSTeZCEN2Vj3x
1898,3ZzeQ5d9P0fxBkvR
1899,XnIykelNLT9xAKOd
1900,PGoJCS8Ayrc2ljZq
1901,gaLCjqxcQDfYdzlv
1902,t0PN8QnG6rhMUqFe
1903,60YZG7bBuvmQ4IcL
1904,utIBahwHvk5E0CPx
1905,nLET3XFZyAh6f0DI
1906,ngamfpj1TZ2RLAoQ
1907,S05Cdet8cAiM2Lf3
1908,Eru9t0R3DHZqvAjb
1909,qeJ5yLUaK39M6TQG
1910,r6oR2vH5jAsmB0xw
1911,x53V724cIABdG1hN
1912,TBaZ1RLnSf0Cs5Gd
1913,4zEBDhHmaWqMrAkw
1914,uPv5l30jN2gHzMRF
1915,mcKZWnkCoseaAMHG
1916,picLwkfWsSNIbjv2
1917,ipw90TOEeA8vfg47
1918,NgystYTW9k3ofBcd
1919,NCeEAlYBzoD09gXV
1920,CIplSb2Gmi4B6cMd
1921,8PdULn0SWuBvxj4V
1922,0UgpVYNTslKe4J5i
1923,f5gvFXQbkHUL8cs0
1924,zX87k3U0uFCY5ng9
1925,js0KUa9Oqm4Gni25
1926,kLlCOQhfIrSFmbtR
1927,CZubvThwx8IQA4nE
1928,wqhCZtWNmvoLcT3Y
1929,SNcayqtwkpmfvzWT
1930,tofM4kHeBvxZDIUz
1931,ePhpbAZuQD9RTiqG
1932,DBeG3yCu0hLN9vgm
1933,K2EYj9NWym4FSIuo
1934,Ov8ixFSdAWHzkbym
1935,ut3wr6AlR98XqKLx
1936,k6tcXyH1GUBREZFv
1937,A4g6qXVGUpNfrywb
1938,SFpWnkgZiHEGmsyD
1939,LhqsQPF5SKVzDG3a
1940,Qcs0PwVgL8tCqavH
1941,xOKGHhA9re2fm3by
1942,ugtLCHU7vbsTwJiW
1943,nocJpWsyfYTOlBHU
1944,xmL90tj5PMYqzsHU
1945,C8xFf7VmyYDIiPNU
1946,vDlKOtCp7ie8fP0o
1947,0cxDeZRmqAGrYdtS
1948,NXh6c4pzIsCkaKbm
1949,2zFiJvnI3OTslwQc
1950,OVqAfnR0opGZtubM
1951,rxyalZtMmDWIPK9B
1952,vUmn2dqaBYuz5g13
1953,oz47sDfYFkLiQ9SM
1954,Jai8HeXIhBEqdj4w
1955,94xoQ12MjfiNRBrE
1956,InykxLXjiTMUqRv0
1957,uoxsDky1QnXlHCMv
1958,9kwiD6rOtZsX8HdE
1959,bZfVtYToGI74DOvA
1960,AGyQBPgRudWJZoTb
1961,g6ObxG9K7hQWBTJR
1962,VMdhHqXLYtySI8vP
1963,0V6BfnO4xPrINlgC
1964,Z5VGIuLdHjie7yW4
1965,VnLH0kOZQvXfl34P
1966,J4WqBTzhZypUFDIw
1967,wsrKoDaXxJLygFTN
1968,uOUCXjx0mFWvbBGQ
1969,ZjFh2w6pC1vMGXor
1970,ZfWuPERStN9x2Tjv
1971,oSlEAvNHM2Wxts47
1972,Tk946xmzugHiFQV0
1973,xNXBMH1yU2pFamT7
1974,3gaEsJRp6nQxHPu8
1975,KpCqWlsag4PzdGHS
1976,BV3gJ4bHjFnP7vyO
1977,vlF5Y7pyBUtQ3Smz
1978,3ZKfLAaBd5NJwyQ6
1979,SgDNy5AtEPTwZRGe
1980,bnLld9XPVg3T5HMa
1981,h1TwfpDcneHV2jEv
1982,4QNXdbBHfoY83jF1
1983,mObZlR519Y0condX
1984,7m4sbAhFUlGioDQx
1985,uCYbV1rW5FQzJHDt
1986,LGZE8FkzcnJIqxjT
1987,Vcv7g0z8syBxLTQH
1988,NdA42XvDKbFcPpt9
1989,n7yvj2OVtaP31TRf
1990,WBnV3aZ07zsAG4Qf
1991,8UHymfubDcXjEsWL
1992,BLvi4muH230wF9RU
1993,l1ozEv9qAGxQ05SI
1994,jFqdiWtNZGnJsrCf
1995,eWP92MIvGhKV30mC
1996,bRXVDhtPMdOCQle1
1997,SNakql1gWTOey5L2
1998,gHxrzdIbyhGWUOMl
1999,dZv3Pog4juYznHRi
2000,INLz15VBbsPoQ64Y
2001,zja1UAhG4qOr8RV3
2002,N48hFGS703dBgwyi
2003,I9cF0zVgw8LY7UHv
2004,gjViRTBnUevuOZWs
2005,XudNfgCwH823GJrV
2006,Fjt6qNyauk8wKTGP
2007,CAU8OWdkSiNYjhJo
2008,mCU8agbLN0OloHkf
2009,YbLNERemHlPg9SOA
2010,Bs2KeESDO7Aqbrac
2011,6pjyLY8S5X9baEQl
2012,Hb7fSzZRtihL85sp
2013,rl9ztfOED37Ui5JV
2014,H3T0j9qrnNGuWZyF
2015,bmQEdA41XeyOZCFf
2016,phNkPXFfcjVmsyiw
2017,rQad98xjzRSpKUY3
2018,LwnuGYyDI8s9MmHQ
2019,1id4u2sfLGCoOn6T
2020,JgBOcTK04srNf7FX
2021,9fsXRcAPD7e0QKZi
2022,H2Bgz1OYCXsPF3tn
2023,G5MgDPuknBszjTE6
2024,KlY1Diuh3BxS7wq0
2025,0yqhg3B5iOGZAT7Q
2026,FmxYJTc8pv0MQtE3
2027,RB4Ynw12gv0DFzL6
2028,fZnVBpWTF4ztwjm9
2029,2SvhIqaArPjU1f0d
2030,Liq0UErjKJNOVyP2
2031,kxgJavmenFwMcIr6
2032,jMxE5R2hLmyGOu9F
2033,0amO7g3SvrD2FqVM
2034,dDOjw8yzRmBVei2S
2035,ONg1JwPBAqvhGbze
2036,Um2A5pkV8i91cCqP
2037,ISEDdjvrWYgQoAUG
2038,Hi6GuyV5h4WlTvmt
2039,uw8t2sZDXcyzqM3L
2040,1umbKG26xwLjJ9B3
2041,ELtJs1KeSwk7y8IR
2042,rUBfvqWuCTYLXsbG
2043,Cpx9IU48c1iQD2V6
2044,joFftaAvu6rW2my1
2045,amzFPpD8evy6RgSt
2046,GFjBfiUo7tP8C3LY
2047,cqFjvaXx3RHpQeTG
2048,rqT5HKlv9if6NVAZ
2049,2obrc0JN3vVkXFRK
2050,GYXr0jEhLCo6Vmls
2051,dmi0weUtVqs42MvF
2052,tvuIDPZ2rl3KwEyV
2053,bolVKHdkWDL7Fz0u
2054,8YpTHtNG2UsB1aJ5
2055,7HtA3G9yKZbJ6QBd
2056,zkcOhHeP7j50JRZx
2057,zPIn5tyoHalEZ8BY
2058,mqOiRX025g9Txjd3
2059,NFnHAeUETPfOuDy1
2060,v3J6RlZm7tBfn1DW
2061,IRHlFqGAcg4PKD9M
2062,NBAoap3s9LcnEglD
2063,vgjQW2xIdaAn3rs1
2064,VBozJ1GxTskRK3Yf
2065,wVxJsiUKgdFhe63N
2066,tLkJwYArd8eUXWKz
2067,c3msixHEwqB6aQFY
2068,F0zToWdVIeZ7OL3j
2069,Sas1gXenZGt83W7B
2070,yKJXQ0ut3maCexsf
2071,NtpUsKEPzTvVL3qj
2072,aVG7gn5bsUY8FNj0
2073,svqZi2P0gIGJ6yjl
2074,mv9szuMaoig3H4by
2075,uq64eIEsfYcmMxy7
2076,NCB56La2FIs8Ajut
2077,eJlVEx5bPas4Fd6j
2078,WHeUdyvtF3kmrY5G
2079,6jCP15lmNbdgKXun
2080,91df2a8KI4hlxcZS
2081,XU5EgruWv4DhQBYA
2082,7YKzvFf18HU9QBGM
2083,pC8n7jbSHREd2tui
2084,kKaD139PptJUiRqX
2085,lSRgOUiMjb2eHuTn
2086,Dza0xloreqymBFcN
2087,mTAi6yLNXDcSY1uf
2088,yA0WfDcCaO4sdVMN
2089,fCRrXWcAyO68e9jK
2090,j2HiGza9Fx3wbTOV
2091,dRQHMyoWhIv6Yl9U
2092,JouyWISC0mnlEPYV
2093,76NiBESfMl4uhKyI
2094,yFpKXc1ANlnhT7Cj
2095,0ImMruHb9FhAEXUB
2096,QvzMdgHuSr3EwneO
2097,qwTJtmrjsgPXiAzM
2098,0jCPHZOLv3UYpRXs
2099,cxMny5Sb8JWtUE76
2100,phUYrDl1ZEQtMbN9
2101,CBuqQJOYb71r2Uya
2102,qxFwTjSfJE20Oztk
2103,vHIn5rschYtkGBUS
2104,sHdYjiz5OJvMPtKm
2105,o1Gkq9cYVMyJpjXC
2106,d3S97caVzpfuqR14
2107,WvTExqZmJMz1ahBi
2108,8pc9IZk2bReGLmK1
2109,EQndNxMA02413sWS
2110,31UKtsPLyblHj0SB
2111,FBRwiSh9D2W5GlHv
2112,xoBd9cfAs0u7P6rg
2113,Ikt7KyuNETG46SMB
2114,R0TcigWu7hodeAGz
2115,P1dbz5Mw3fsmgxNj
2116,thTL8KZEOgJlsc1m
2117,mFSpZtJGEeNL3P7q
2118,vGCj5MaJSLFR2Ito
2119,RawHsdJLbCYTrhW5
2120,DBok4wQaThfP8YFW
2121,opyLmZCE29uMjKsi
2122,Zzjt2qXg3YmuN68v
2123,L8dGCPtZciUq9nKW
2124,e57Y29VdbUvpG1Iu
2125,yMK3RvecUXBx8Edt
2126,YJTgp9qoSnwREtCU
2127,M4EwCi6kDsORatZP
2128,ckF304e8mw7EgXxp
2129,OEsSaniHMIKzXhU8
2130,5DR209cg1LyfJaYF
2131,OMA6jpL2Pz7t9Tka
2132,MBDNkSRlxecu85Yp
2133,EJru1TRyIxFaXlLW
2134,2K9iNB6VXctLp7dl
2135,wGZlNIvEacM6ojHO
2136,cRfjsodZYGatUSAk
2137,DcIF6QZXOzS7Cb24
2138,Gf9SkTPAljreW1JI
2139,qp4B2kGIuhjHJfOt
2140,cNUEfI65uvWYgahR
2141,jfELwPa8rvTsucym
2142,PIRxlNCbpDErTyB3
2143,j7xBS01mGn42swOg
2144,FUfqcXA8dORr3bCl
2145,dGNQZo6Ra7F30hAM
2146,fw3WGTZkHthKS9Yu
2147,jRoQkpZiaFfXe1V8
2148,H1SQtTxoLgeaG2s9
2149,6NbPO7lJw0Qcs4IL
2150,EHGoj3FmQRCND15x
2151,h97rzqSjtNs3Bowd
2152,ZoIt2AY0FaKgHlRd
2153,1arbgyiNMZBdOUko
2154,LRnWhQI2qMyJHOzU
2155,CzRBm8q5PrWM6LG1
2156,QnwIskhNHOCM69uz
2157,ahIuScqG2iLnQ8Z1
2158,xNdahB9bW2UmEkw5
2159,CmBr3VTJXYG628oR
2160,jTvVkJhndKMiFRUc
2161,zKXMTQ5xrpanvm8b
2162,5MCwO326fL0eATvR
2163,j6ZuCJr5tqIeX9px
2164,6iZ2IgdjUqD95Spw
2165,Eayg3J2wqV4kAxTn
2166,WYABGjIV2UaXxneZ
2167,joqkVatBS49A2EOF
2168,PuvFSswNrZoTOmU2
2169,MBZzH69LtnGOsJrj
2170,5gVmoewzE4n2cIt6
2171,X4gU3waBbC6d7GDW
2172,a40J51xWAnuksdQ6
2173,wZgQmHihRy1fJUrn
2174,89cs46ElSPWbukMy
2175,hYvq4tDs0FKjzcbQ
2176,JGK8mQw0gnCjISFT
2177,13nE97bfGhqouKHS
2178,Bq8HD7ugzfaWsSJe
2179,thfem8gUW0znZ7lY
2180,tXc80I6lHzkYhWnv
2181,oyJaOg4KC97nlv1X
2182,NbvkCc7zn3fYTKom
2183,q0yGLQjVfmN9wcKe
2184,yMPW6NgEbTYuQSXO
2185,N0lwmhncpFXZPx8T
2186,3NZHCPxnrLwJlkvT
2187,EYjAIDncOaLWtFB6
2188,2fzd7IRl1ar9upOt
2189,cUxBeAlmEasfR5GZ
2190,qVi4GXsvTLnCHgmF
2191,PHBL9xptGyV6Xe4S
2192,IyaEenJuKzr2tCoV
2193,7z5sRAVKS64Luvij
2194,fSr4oJeHMcjvuYm8
2195,3mVRt0bcuxP7rXwW
2196,otnmdCPeUuJXafcI
2197,npJ3SuN8fQiCeHTD
2198,jOdW4z1QnqDt9mJV
2199,K7Yoi8fSMyJTwbzu
2200,ijZ1kwOqxaCY6lgv
2201,L6TryNnSDVq2b9hH
2202,AurZQ2yRHGPXVcJd
2203,hTjoWl4kr65A1EaJ
2204,6zR2jEQxKdBfSihl
2205,sfB9bXVqaRdMnKvY
2206,YJkgUEdLG0hqvVnI
2207,gMiSkOtp89arv6CQ
2208,YrM4wbt93hfTydVA
2209,vUDqLIE2tr7lWBun
2210,OZhXCrgbP2xIcGVs
2211,cplo4JEx2Fm9UbrM
2212,R4MkQdXe5D9OLYEA
2213,FUsnp3d26TS5l8Rf
2214,yJwVpmkX6xtE8TWo
2215,U4pT9GKc50dvzMR7
2216,I48GsUdOu0jB5WAr
2217,7n0SO45yKe9ujrEB
2218,Iv07KME6TFXRpBe9
2219,yjqLE2irP9VebKUk
2220,heSFT8sMw40qd3yX
2221,p3mrWnyNCgdwD6IF
2222,oMcmKfHdA3u945SC
2223,cVh0t3YLzAw4v9jN
2224,H2vbWxFrztLZhl4T
2225,YO52sH8QbnAXovUT
2226,u1lbhKgz2PfTj0YB
2227,ENFYIz84H5B7VWXe
2228,f1E8IUsS9jWnYxzl
2229,m5Q1zich4NGrxPUS
2230,pyR13Q9hgKxabHUc
2231,XPQIwf91miJUuopK
2232,QgYEzRN0FJOjGi5U
2233,VFZ2hQJND4MKzqIy
2234,IgyLAca0bSo29Kz6
2235,5MNWcKLUIkw4fTqG
2236,Vfg9RyG1ZriCxjBv
2237,cJaA7bBPftTUmnsN
2238,T1KhkMN0tvlCpmPB
2239,sLJT72r5cidSOnwW
2240,JF8cx2HwWs1h4P3K
2241,t8ar5QGRx39D4nNp
2242,z3Z50aMuKtmGHFjw
2243,eaJUIFYNXzEf8nBh
2244,UIB57JLk8K3GsQqp
2245,FTOKDHx6pLBPqtnW
2246,D8qfQjL7e60SAgs5
2247,ujbyxfLBHECzMSgT
2248,SYI13DWLJguNvfbC
2249,JDv0rIHSN4ycbfLC
2250,cVzQsJ4TdhPuSlAa
2251,QcaTMo5jeFz9PwK8
2252,xTmIJso6tPQjaRZe
2253,lPfR6QBigFVULhDn
2254,3A5w1qd8MmLDEbnl
2255,LCQs6FTKx9otSbiN
2256,UIcYNRlGCxt63q92
2257,ICSa73lqGExN0iWd
2258,t2VPoYZwlJAmByca
2259,ZiPuQLCqmDdcsb4k
2260,eCncmgibHdYpSar9
2261,bgio4Cx0tpBIGYUE
2262,TEkVfs9NUgtMoL0l
2263,lDVUN0I794oCWG18
2264,brwxY5gGXEkvu2LH
2265,hNuKCVYwk6MdD4c5
2266,mhO49Egz8VoJTAZj
2267,J1vPfBL0ezYsCktm
2268,RXABfkjNK8lumyw0
2269,rTRaDlYofWGA0cws
2270,osTXkDp3vMZqV8HY
2271,9tpjS7Gkxef4vlEh
2272,cAQ63OjX70odapxs
2273,GnYV8KvmoaHyAdj2
2274,RvmntdaFHWr2Qisb
2275,MstyAVIan3L1U8lr
2276,bAHniRMaGxSQqvz8
2277,2PMY5K9brgXVWDLq
2278,Ws5cUNky6LRJE4Kr
2279,MabyZWBotpw7Hh1s
2280,DO1rFTpho9ZPNSWy
2281,xvmUw2ILXnFKCfE1
2282,wjfrG36ukoX72t0N
2283,caWByRkNKSruCvb8
2284,r2QW7IPKb6GoSfNA
2285,TNlsEPOZA3cMuHz8
2286,cPxEQC6Xb4kiqRlD
2287,S3WXbTsflJrM4G6U
2288,vOdFJqDMugU7m3Y6
2289,QcHjEBg5L3xneRzN
2290,mKPGb6Ztc17uyEHD
2291,rWgGvAp6SbPD0RT3
2292,Vdtj0bwmkqReMphr
2293,32GbwAcRWl0I6TSi
2294,1HFYmJlxhj2p5C7i
2295,kaENJudCZ78vzenA
2296,6fVkMYzxmtljQ05n
2297,LmvHf6sxYEcegGoO
2298,NAygnE2TSh3u98PJ
2299,BuR3qaAcpT8CfXQe
2300,SIVxc2bdeZLXO8tA
2301,Rr6t0hEfq3MOcjVC
2302,xYBbsfhJqlpXLUau
2303,Ugt0l2Nk7SiWufFw
2304,sZmxbVdatUpfFirv
2305,tC1PRY69qwza8AvL
2306,59yDEXTt26axRFJG
2307,CDuM4T2skIOHXWKV
2308,aU8yZFSQEzqlLkfC
2309,0LaTPc9BVi5uXrOS
2310,PcDh0K2pQAlgMas1
2311,9Dy0Ic3gQLuiVkEO
2312,V25vcWqAE09Df3zp
2313,znPqjGUH7Z14rDTF
2314,eskxUPgaoB5wZ4OL
2315,VIEc7bHWqLmk6StX
2316,xbhXD9wZoqKHmaT0
2317,exhDdJItm91pEMcs
2318,coKJ1O3FQ48xgIUH
2319,QvdSJEtA1z0RyUWY
2320,fe8ws7PkIKD4UCxR
2321,c2Q5zKaxATDXJnIB
2322,Gx8FYQIcWRP09tgu
2323,OX4MpHPJcwGC2NTj
2324,5IqbhUvfXuJz1BNd
2325,PKxy1AUzbvVNoJ3Q
2326,AWo1wcqK9d0NtkjR
2327,J9jZUgsYaKVoROc7
2328,8XMYluZDJSOFHR4i
2329,EbZQK6uJfIn9Wev1
2330,kvEqugtojBiKzMHx
2331,JkK780F4gNoDxeXd
2332,a5R6pI7sVCxP9yw1
2333,IQwCER7XrxOtmkuH
2334,z6tQ1mnpfTrSsACK
2335,I7VurNhtG3MFHwbo
2336,qWCNQpts7ZDceuTH
2337,24ONiReyQ3GmFTd5
2338,J0Z4H37gALUcyskD
2339,wGvzDU1jRNYW6EgM
2340,evCGxXRAc6NKEbny
2341,LbXwcBxUADTKVRlm
2342,VoQWbDtxqLHNrc95
2343,Fy12L5IglNbskrZf
2344,2jbX5HzuecgVk9dQ
2345,HEa6x052n4RmNOLy
2346,nTYeCKGVk4Fq8B7x
2347,gnKRdeEbMvAlPN7w
2348,oQrMCWAq1cPUjIHe
2349,4uc39P5s7OofiKZp
2350,nGIZRrd9fiHPVg7j
2351,SsujPVKCDxhHplZv
2352,2xwfTs9tevK6FrGq
2353,jHtWbkdyxmR1KpUo
2354,jlg2PHSK875iVXBd
2355,m2UnLaYCPV0kN3H6
2356,exGSUaMdCvK5c4ou
2357,S1Z63fsVhBwykCpi
2358,tXLiHGp62vhcYxun
2359,omgIO4nMa0kJiENh
2360,k2clrvHmhfzUJNs4
2361,iskdyPtgeICxrXfh
2362,VWblM3gS8DeFrZq6
2363,OKcSkHunNhZEVdCe
2364,049my8VsBGujHIhv
2365,hINGS14cUwyL8JWE
2366,X7sAbYzMiSCxjmQr
2367,TKwsjvhqZxmSdeLC
2368,Fyt9OcCkogSf4lXz
2369,um4OA5pkGF1osdxD
2370,gvbk8NecWmGZD4Ro
2371,uXW1DMGjHwd2fbNB
2372,NRkexisZtPdjUXS4
2373,jNP6398EVBgdvtLh
2374,Bi8Pv0a9jbQnO5uo
2375,JpeTnFISYVbK5Zwx
2376,VQKs0rgfN1mGd58H
2377,mGFbxkLDMCBnlyXZ
2378,2YyJ8shERB1MbkFw
2379,kt6Y5XfsKTmOuJ1b
2380,qXbMCUlpryhZwRsN
2381,jDapTqEMdc48P3yu
2382,nBh7UFHSemrQTGX8
2383,YUFG2WOeKw1HmN4p
2384,qd087veNOLAJtTgz
2385,tnTFOR2yQa4uCAe9
2386,r3L5PXYC1zitFKMT
2387,wuLlq1nUyQXCjdJI
2388,9ZptvqjNLsGdJyBi
2389,REsXhz6blVJ4ife2
2390,3zpRktj8S4cyHimU
2391,R4ObnhID3HZuy0Ve
2392,YSpOU94wPsFhcQJM
2393,qGAy1Qhe2p4saZPR
2394,C9VEH1DKrF2Zn8at
2395,27PvthLlI5MBrGfz
2396,M8be95pNtZ2IhEiA
2397,9lp2NYwuRkQcULte
2398,CF1fwsb9NBJ6RShL
2399,tWYm94ryGlxFn8T5
2400,fTCErzL6daByn3Se
2401,HFOcNUwxQnzZYEJK
2402,p8vB2sPoUTIthdQM
2403,6kT928pfrV4FhIsX
2404,GWmJPT2Zvlei8o5D
2405,uIy5nASFg3s6QGkE
2406,gm0a5GHhbsixtcwf
2407,4kPhTpxcZgNdv7yR
2408,D2ChL9yIzpS0Ex4k
2409,X1Z5OBCaPsvEpT4i
2410,rnX4NxvVRib0w1pK
2411,Ck7ieIg0MKTqPwXj
2412,kzFaNJAtwbKhm3Zo
2413,KbL0JG3oaQ6Pefrt
2414,sLMA7IpUGHycP18C
2415,yYH6cJbCS4g5PtMR
2416,WHjm3koFcgP0lxdu
2417,IWkNXQ0CD5VKsGbj
2418,V7quhGJ6F8Hfgb1Y
2419,jKZeFHNRD6znwqJu
2420,xGSXa9vcZCwW2M7N
2421,KDEn0dRtov4IsWp1
2422,u4oGjbiwKdpHLh9f
2423,RTwBxeGUnKLNX1dS
2424,3vPQ9ZLgW6ISpiz2
2425,T3DAksRpqC4mbZoY
2426,rlND6tGBnIa1heOV
2427,KyGka6qNCfTtxErS
2428,OktacF2EbRNnZWP5
2429,oeX6t3CcDMl5QHFY
2430,1zr8yhxjO2wLoSHD
2431,gfu76LTUBEXcyztG
2432,IpnPUf6QBCdoK39O
2433,MgYxEwyHtBe9Rq5m
2434,l5wSCO3K8G0RaATs
2435,STnu7Z8RtyLEmvFN
2436,2ZRDtkAvfs1FMhji
2437,XCchaFBAefJNE52n
2438,f94A8kMUIDgOcwq1
2439,pxJ5NE2iCY8bP73R
2440,HNhR7qiZlMDa2Krg
2441,3tkypBFNoQ9mGTjA
2442,Vr6yQcmJj9Oli2uZ
2443,oeRtkIjqGEQ45fwJ
2444,ZF3QsuyUhzOSL5ei
2445,IlWaw9ZE8pRKjibd
2446,vsuNWKw7IodpVEke
2447,Jm4EOFzK5qQVAN8S
2448,lxBnZcWNapb8YUiQ
2449,K85mecfHWINVxRbh
2450,uoCyQa8nNZX6MI3V
2451,lZ1IVHOmogwx3zPU
2452,zq1YdF4mtwZu5aOD
2453,LsNk7qSTuivADH8P
2454,aT9p8BmZz5IYwfLx
2455,ZdziasqvepO7uFWR
2456,JzVfRN8nZLSKGTQg
2457,cFERBjqJWQh1mrv6
2458,MqaZfPyj1A3m8u20
2459,ExitvLsRVJP508yB
2460,REOc7vykFXd2JoU1
2461,DBLY3muZOan6qbev
2462,yCqe1xD8p9Hhwt3Q
2463,DFLYy3uCPfqcg68N
2464,iomzSgPyfnQLaYpk
2465,sRMHCGF1oyEP2kZ6
2466,Fkb9xyvlNzifnQr5
2467,7MmxrJ6ZiBdTKAXq
2468,4EZGXIP6hboiAmBt
2469,PwlGkejKHMsfF1SC
2470,3QpYCiu2fwe9HSIW
2471,vFXNUGw2K9erxjby
2472,A6YhDjLEXpZk9mI1
2473,P3qFul2cyzMKb8er
2474,lyQpXI8V4G2amUAY
2475,sLWEQJu1gjCflt09
2476,i0RWBIlpfOgvZKAh
2477,1IQCvNiuhDc5AwlB
2478,lIJOpeEsTA4QwZHF
2479,ZYLcCJbpiyHqQBrs
2480,GRpzsm3D6FjVaeQ7
2481,AS9VWy0DpgnINq4e
2482,QKsat8ByjUwECIzd
2483,R9qQ8O0dFNcolrEj
2484,xDUi3PCdkSXs8RNt
2485,t49UREpovPmuCzje
2486,0Qd6PXcoMytL4ViJ
2487,YnuvshMxJE5qj6o7
2488,vpJGuoiY7TIOwjsz
2489,NumRkcH9hwbzlDMY
2490,6fWQ5nH8YAawy9rj
2491,HiuUZq5AXQt3S9zp
2492,aGOne2iycjHXQACx
2493,4pqtTfQ1lZv207J6
2494,eig6GpfxuHUWK1tT
2495,AVjxQZOSJUvCohnb
2496,nNMyw0YlejquDx2d
2497,Rvkt8AfEPU1oChNd
2498,SgslnWxPuNRpLqyt
2499,Y8v6jksBTl9QNzIq
2500,t7usGrV4zbIi6jFo
2501,IO9cNWgSedrY2D3V
2502,UMARXl3j0v1Z2g58
2503,Xx1OAFeGMriLuzV6
2504,tNodgsJ7W94YmpxH
2505,fCMzUSXPAuGK6kFe
2506,JMRIjzXf842aqNsG
2507,feyvKpZrG9JaFT5x
2508,KfWdhc0ERDGner9I
2509,D7iRIdel4hvU95yO
2510,qYuMCgbDc5QVUoLH
2511,V6AgZFnHpJGLbzkq
2512,OyKqEsGtuRzh0DUP
2513,c6uBY31X870heKMv
2514,LNv1XtQo5px309k4
2515,mzO5jkWsfHnbE021
2516,056LcDCq8QUlemIZ
2517,rDCoqFQwNBIZGs9i
2518,3zvw86xaOAPsfjm7
2519,SLrwNFVpc2hUYWgM
2520,tEgQ8uXIwVUc1P3N
2521,stCcdy9a0NmBMTrS
2522,fnrHj4a0GTst9kFq
2523,yXPifTaJSsnWRkzj
2524,aCZuLbR8GSK1QkdP
2525,Lf6Mi3T0OEvm4K7S
2526,Fpu7yXSsmgdJcYho
2527,oxeWN2RpU0T5ynit
2528,h5BPoQfaI4Vyxi0S
2529,xRcQlESO7mGfJTq3
2530,XYgx6Q9nG8I0DNds
2531,Br5G2n7ua4JTEHiA
2532,zGoevYsp7VaS0FUJ
2533,DoJFQumZdyOvbERc
2534,8WeqgCmPOYlaNERL
2535,zG7WYbnOdKpaESlj
2536,eJIyD40bkGMC1Rr7
2537,3VvSrYlwzB5IGoXp
2538,G4Sx0uyiDlNewkMo
2539,b6v4AwzNhDdYOx9y
2540,PuFjGnERAgXazOcY
2541,IsiPZ0uQHJrW6lX4
2542,7sMGwBR1gFYzfELp
2543,Jhxk0tPVs9alI2Qj
2544,R4dvQCKxJz7f0owr
2545,l7cU0mhvri9eb68Q
2546,TFXvQmtR50upZixd
2547,MxuSlItnKc5DmLQG
2548,NPtjK08RpJXOzehG
2549,9q2WsCmhlgB6iwMz
2550,hgCOizoqs03wmMUY
2551,gKc9WE8dwvIFhk0H
2552,gtiL4f6I0OCnYUGD
2553,xouQKtSYg0f21MOh
2554,N63CGkbuERteOqP2
2555,ucp6CAtw8dzxQT2L
2556,Jy71d6MhbNvmptPG
2557,IZjgx0mdW1h89raO
2558,YDkMtanm8oSRTGIW
2559,7bmCTN5v9D8q3GHA
2560,kmqIBgVj4lT57SOG
2561,WoqLmJHR6r8Q2BM3
2562,inWC41QoKhxy5gtP
2563,3F7PgKcux0zAv1EC
2564,HFWRshrAZSYz5jUG
2565,OkwyJRulQSpFsTN7
2566,t2ZKG4eA3lfVsckQ
2567,u46vNWMGmg15iTDq
2568,PFkbnmhI28JpgcSE
2569,rMgLVG7CJX5UDb9j
2570,H3yXaVUoidPmWlQk
2571,lP0nN35K2UdxjhrI
2572,SkzKL3WUaTx5dh7i
2573,XdPUhJrDbgIHvKe1
2574,v0gFZ1xkulQyrMeS
2575,hDd26tLr4vClqguY
2576,UnJvVD7Lg14ylIt6
2577,IEptrSyjN3a6ZbWM
2578,MXNaBoDYRU82u3QF
2579,hHlsDiPxJftu9pCc
2580,PjNd4frIZmTC0yzt
2581,3tXhYT249r8aEmMn
2582,zB8gra1VWMOYQy6b
2583,rz03uB28XNv1yJ7o
2584,nUlcBVPd4qLbNYjD
2585,6Xoig4x8SZzfAjqO
2586,NcBbFhwlgt0zv3ZS
2587,kRgrxH9E6oG2aqSQ
2588,e9aHR4wYdkpPWgut
2589,GNRSJjXmUdqyBpEe
2590,Q1zKXnyRw4Cg06aO
2591,QlodnqPmCTLrByus
2592,ikOgHuhVL3X6Yb27
2593,AGwEXS3mxpD0NQMZ
2594,06ntRO8GsyYKv5UV
2595,HsM62X7Nh8U1Enzw
2596,amKQZ9Ob0HGDET7r
2597,6htQfPIUDTpkm0YO
2598,bLGQqJE0xgeoItN3
2599,LmhpXSOUt7aQIFkZ
2600,YoXA39JyOVmT5Dsg
2601,MSucP85e7iIbyjaT
2602,fVsgXlixjQYANF4q
2603,Ek9xqyLWSvsrpCIN
2604,GAfibX12dZH0LYs7
2605,iFAH7fBOprtz82bs
2606,n5KDyHuh3Wa0EZQB
2607,HbfzLJVZRpnjYgm4
2608,zhXKNJf6WDYQTqj3
2609,PD5vgbnqC6uSRoZF
2610,GtOkUlK8TIY29A0C
2611,t9CjaNr46b0lZg5s
2612,Pr0yc6LD3uekqEwF
2613,9rGU6FsELKWoVQTe
2614,dyjoJlMhbNXsmGg6
2615,mY49UaPVtX5RGpJ3
2616,Cj0EB6vARdVKe5by
2617,mU9jitzC2noTXPG7
2618,9IO7stpjGk0nNaAd
2619,UEfFI5NYR7KAD4ng
2620,JnbE3wAaxHX0OcV9
2621,NIdsKWPOvlM0CS1p
2622,h8bPCzGgeTd652to
2623,xf6nYp10ycKhwsVv
2624,xTAQja2fO3SR0PC8
2625,gPrGx2Kqo98Qh0Uj
2626,hMAf8pS2Kn5VJcNP
2627,MQGI2sqe48fd3EAF
2628,M78dw0uWix2V5Ccg
2629,nWcmvt49fyGCX0D6
2630,dcSj6Vz4ghQbeYLk
2631,hL48mXO3ionc6yAk
2632,Ey8KFpHhPNxmSvu6
2633,DMBXp5WHIh8ymNGE
2634,QuKelEWP86Ci5Smf
2635,erg7aM3Eo182RjKZ
2636,QoNI2tFfjBl4J9Hk
2637,l56BkbUiDcC3f4AQ
2638,Q9NAs3vHw6CfnioT
2639,HLM1w9CFTtxD0r7R
2640,wPetuWVbTUg4mzhq
2641,PfJRenwbFu8XDNE7
2642,dkCHsvRXlLZQzK6T
2643,2Vkomn1CIXY8L3cy
2644,rIMt3vKEbc0Z6YlG
2645,X1nzCyA7HmhJEO5D
2646,D4GOin7TH3FLjSy1
2647,ZvlQwM5TLJa1cueN
2648,zuwBWCitgMG81rN5
2649,3wh1pIKAEcqVGWn6
2650,6U1KxkDwGhinzbBe
2651,upaDiOkmgCKwbBZ2
2652,EZuUMnpPWilcYT6s
2653,QgE32zkRXNpHnAGr
2654,uT7W3vqrMEYDLRd2
2655,mM8kK6jFZ9iodzE7
2656,8pq0tBrGHJIWYA7V
2657,JxTmt6e9NX47zqaK
2658,OQ8VTlNy6DM5WFC1
2659,w518iJxrdEuLS3gY
2660,dM8tOGmebXW2izp1
2661,qHF5BhAUnr7ivywJ
2662,VSbF5ja6gNuJ7KsR
2663,zX8CqeWYsFPdMnSt
2664,OkK7EGZfA5Wy3u6e
2665,wQ5Nez7HJcarFqjs
2666,JxHhb6Q4R5FszGEM
2667,SkdiWag20bj4zPyc
2668,PmIzHGO3F9qMj4fe
2669,Zs0F14icd95LbPoW
2670,mUelJt91arNMpCzk
2671,2gITqHEn7F8ujovf
2672,InKM8AdZ1P032ysN
2673,dRCwNaJLWesiP56n
2674,VBsKnIRxU6WTcN45
2675,vQqScjyMTuJ0AXiP
2676,P9hmSi2jE1pLtcWo
2677,JQgPOr8WdEvXKB1b
2678,T2vGNnMzF8jeAXOh
2679,OWjbdDshlU8zawVv
2680,B8gDR4KbnNfPoVkL
2681,OuDTR9wio0JslKjn
2682,7IZATFJK1DxSa23L
2683,GFwJEhA97bMWIrS2
2684,jeJdRpNBuxXnvtqU
2685,zYahBlQvLSWtryUJ
2686,ncSsM8HbFECvqaD1
2687,ZoUKVbBr7NndpiMC
2688,nbvF8mGhXUf4gkuN
2689,2CybWxPc9U86JGFE
2690,WfDkembPg5sx1dFh
2691,xCkQsuWAYdalvL4D
2692,UlezATP893QvEN2r
2693,waeNmUhY029MJpv6
2694,LCadFuOHyTIQvp0w
2695,xo5HPrJ9dlKgsIOD
2696,AbcN63UT2ImjFpzS
2697,tFsQeP2pxzkOGAci
2698,srpa8SWRklbLHBV6
2699,dLHjTXknWx2GaZ9E
2700,UAg2LxV8kjPp49hW
2701,K8SlRqgTL9vEnUMp
2702,RsToEiO64U1lrHSC
2703,7UyQdeTH4Ioz2Nsm
2704,aIyRsCnoDcf0rHKY
2705,lISwDHkJFaVgA8eK
2706,pjcULgwTz8KvWtQm
2707,qCNcAwdo8TQpEBHV
2708,D4w8ur5KEgx2RoNi
2709,CRDmqZ3E5iWLS0nB
2710,37IPZFV084Scy1vL
2711,ityKr1MUIfHPzGTQ
2712,oOQiz90KVMIRgtrN
2713,tugw86Y3hvNyclkE
2714,2ToGqbFH0Jpwj4cI
2715,6Q93njEfiS0DFrWM
2716,XEWTejfowOMsRySp
2717,KLpoxsd6gW1lam8G
2718,fBL7MWJjGRud09oe
2719,NTVAre5IkfjbS0WK
2720,rOGeAI1Bz24t6dTE
2721,cdVRe5pWQavzx4GF
2722,xV1eyX2ir5fsUKwS
2723,9JQunwEUf1DbIMRC
2724,gpS6ZkwY8TCvnFPb
2725,rs8qk1PmNcjMbQKC
2726,NHxGmnUAFgc4fJ0v
2727,0bwWV6xz2qN1Ca9h
2728,oP1xr5UQinzZ4vmy
2729,TEWIV57Yhjuw0OrL
2730,qXZV3pICdocsyS0m
2731,ihCsOzVMkUK9RYuA
2732,IsvMNeqFpu24ZwUO
2733,QFkTnO6IyXqaHUEB
2734,tzye4TIWBL2s3n9f
2735,JUoxawsRdeC30y7f
2736,ZKQ7l8uATVdc6L5C
2737,FjliMaUnoQZA1hTd
2738,IJgnlxAWkOqi92e5
2739,0pjRQZLeDXUJ5qG8
2740,quaCG3b4dfgjBMcI
2741,V8tTamuq4jnxSc6i
2742,7V3Gv6rKd5RmOY1a
2743,My1KthpVG2UBvsl4
2744,Pu4zcDJYWFaT2siE
2745,CUfQsZYqd8SyE7n2
2746,938wylTLhMGnIFzi
2747,YhgUBnFXZR8ijeOx
2748,dOvKHXfwcUYWC7sp
2749,nai58DOdC7pVAkeI
2750,PB1lxbpIf76MOqyD
2751,gUBispfLJEwPbXrk
2752,WwFLEXSvru8Ibg5N
2753,Vi62htXoe8JkOKfN
2754,kotST0ZlexfCg35O
2755,oCFM4IBnb8GUkeYO
2756,ZLIic5mkzeW4QoXK
2757,2nGIy8XlajRuHKPk
2758,pBQoVP81bj2RYGt3
2759,8myjQ5BgbXWu6pz3
2760,NpaRFjXxStnuLP6C
2761,BgAdMjvD375KZJxh
2762,V4Tiv0I68x3Mpf2P
2763,2WXzsnuvUjJiEOAc
2764,7TduB3oJym2zkMLa
2765,i23fL5tZJrvXIA9W
2766,zg0jEupNB3V7R1K4
2767,PDKsF5nStucOmyfg
2768,xG3thp18Z2ilJML6
2769,hOBn503dkHxrWKGE
2770,9RhQc2IekGAsvPEF
2771,YUV8GxRIvZHJc9dQ
2772,HWvKFbDjhtxk3cg2
2773,9YKcgjVvHAwTn5lq
2774,o5gRteYu3TXykvSI
2775,a60VQrntj784cNqv
2776,LYRzTSfG1b2Q7v9c
2777,CFJcUxTkrwmRMejb
2778,1eF0dkP4GpZ3rmTi
2779,1ld2qOIzWTto9ZXP
2780,HluXSxvi9kIR14cB
2781,tfOu6hU7Ws8QGp1F
2782,YjEyHaNDluXpGIhM
2783,IxpkP1USj9ubXKRm
2784,AILKSv2kt3O6750q
2785,UNhwjJEDGkM6x2Vo
2786,mdr2Y986xSCu5PnG
2787,uE2ZTvpxzUdoirK4
2788,h5wI0VrL3MjUHATK
2789,BhLQvTN28RAgOoD1
2790,zCnZ0msRM6JwObKt
2791,3NzvJmdkwnhQExSj
2792,Y7Pe1BlA3KQcOby8
2793,C8m7Tz1qX0jl3PDb
2794,yjcDvpiZMrTuGm4A
2795,w5oA8edxcP3KlS9i
2796,MbU0layJ63RBWwxv
2797,K0FRisNXTVaWwdnI
2798,zUeacVCN06Fdux3l
2799,sbj8LcgO4ZoQw5Uk
2800,8Gvs2UIotg9Z3x1W
2801,s0UXQEJpAvbfYiB7
2802,vKrtVhpY0W9MzAl8
2803,oCKVrH4yP9RDAtXe
2804,DKfzuyFsPmXlwJ07
2805,XUiquTNWsgEx1wrH
2806,Fsz98gfkpLIbvNWA
2807,xAvU8pqX3ehDg640
2808,aW1Ufphv2yiuz8In
2809,eynKGqgJSajzAB8X
2810,jSCPxwy0cgs2VNG9
2811,r1fAITpQbJK7hneW
2812,mCBj41wTyXdcfEl3
2813,yLz5rdu9meZhSkxW
2814,wJojA02Rse8lY3dL
2815,M6uHFzdk2sj9WSoE
2816,wshyA7L9TxaYP4Qp
2817,xR4eLwCW1dcIs3Nn
2818,euEa6nD37PtN8Kyf
2819,wbfKsC0AudPFyniM
2820,95yEnYPIhgFwWamo
2821,RrlzytAwjUmC1X9k
2822,ls7CcJP89vTmBgtL
2823,r17296oPaECMQwtV
2824,T5tChjpunw6BvoDz
2825,eUlw7L9D25APoGXs
2826,I6rFsNLKqHUPjy1c
2827,0lrWUSdizDYbGjLn
2828,ehKWLmjq5ZYi8nyu
2829,JigkhmcWs41Oxua9
2830,B0LDMgkE2sJVG7od
2831,jsWRHKSnANucUz4f
2832,erUzbV9go3IQJhTm
2833,2RfY3NbcjCQHOSyn
2834,tXzq36K0ehiOVaJd
2835,uH4ZYJcyFEqOzsdW
2836,hCuG0rvPtEF2TlHz
2837,7LG2s5j431fASZwk
2838,4nMg5QrPZT0bFYxc
2839,D7H3ifR92VWjBJNx
2840,XrOJB4zStfoqMdAv
2841,4GzA8vgYXbj9ERBU
2842,7bx1JjehWApvYPNB
2843,HLiDWQF9y0h8ZmrI
2844,wVDWGl7x0HENO1sB
2845,1dH7bt4Ni2ZQjvPY
2846,Rx57cjDoNLpXVYBh
2847,zXVxHDId1lwvZrPf
2848,UxmfPrasnKSTkbpL
2849,X3ad9VeM21PEcJgY
2850,PjpNiOcnFv26xh8L
2851,DBm1pvstlGKjnc4e
2852,nvkhCiD4Wz3bMQOy
2853,ClyM3oXiANx9dej2
2854,GSgLy1e43Unh6jNY
2855,shT8b3dQfoFRGSUa
2856,kpKdBWIVPlxMcTfE
2857,SAQmB2q1GvEjLdNi
2858,lQG8APuYtV4LonFT
2859,XtcTzBrSpdW39o51
2860,mdJ9DQCGLojhqcS3
2861,aihZ2JRpEn8tTx96
2862,JjlBtNQTZ8dF6Xn1
2863,QlIC9kmH8XFBy0b2
2864,TFpgLS7fObqH1ZlA
2865,w6xq8HInYVr9bNJP
2866,0AatgsuQLih7XI29
2867,TngcN0z4CsHJO1E9
2868,dG2BCybc1sqNaMKh
2869,vFHRz3ZO6rElabLq
2870,WERtsg1B3AVoTLSa
2871,r5YGFxA4XmscUq2S
2872,83JCEqynoAYFzkX6
2873,FwnkVQf42zyAsTHc
2874,iyRcHWdETKkJuYjf
2875,F4XQOCqw7ekYVJoM
2876,IYue3TWpUBt5Sqvg
2877,019IeRTwolDdtbgj
2878,E6aWLMgketZBiQcf
2879,myJaN2IoRD6hYCs4
2880,syv0ZLKXINOqREkt
2881,hDCKumegqOQBrWoE
2882,j4Hdhaf7wtp1RleO
2883,t0mSiJKHICVDT1X2
2884,dgKk7aUMip68jQE9
2885,lyA2f8cMUWOtov0L
2886,BbVwlyWekURSha1j
2887,mviAFdTatOLWfw4M
2888,Z2yCbAh3xgtD017a
2889,OEgfitI2DVvpPLyc
2890,7yU3V45uzXD9JnS6
2891,t1QZFN3inTs2rMyR
2892,8j04xOmk9f3bG7dV
2893,Hcs6CIWYFLqrtJwR
2894,UtzZMyT02apO4gco
2895,IUQFTDafO102pihR
2896,aV9Fxnv3DRM4hrJE
2897,ksB60d38v9xMilRF
2898,aiKrHsYFCPg1jNcR
2899,KL1lmYeXjgB5H3oM
2900,X6Di5anZvhfxqlBe
2901,pgdjaXIoq6W3Qmsr
2902,7dIbosne6UqPcJwj
2903,A7pOzrjkubZc4o0g
2904,2UqymWxcatbueKT0
2905,FGKTrkPEJAbo10WH
2906,xFoBGNUhiQ7WcpqH
2907,mx3IMRty5KpeOPJ1
2908,2KIdj3Lm96gVs1fo
2909,Oa0GeHJsDwWSnpjT
2910,LFlcUHDio1yK2mJP
2911,tsLb9cW8C4q3afBY
2912,CXPbUfom2Qj4iO0k
2913,ufPGyORTBLnk5MJw
2914,N9X0O8BpSG2iIywK
2915,MdHWK3JBeRzuolpv
2916,ht4Fv5yf3R0WIXLe
2917,cHtW8JZAz6YhOkTp
2918,5Ie7DkUWXVsN39jK
2919,AErcVXIhP9kfQSuw
2920,7NhPDJtskXLBWMOr
2921,ycjJqVzDC54u76eR
2922,5bFAWhGq91IPMvYE
2923,bxvi6qeW52afSuhm
2924,48AJswbFGfqCzOlh
2925,sVj3lnFJdpyOU9D5
2926,wOP0KXMreYa47HkA
2927,rdGS1kKO3pqPl2Iu
2928,pg6OHcP18fbRzZsC
2929,TqgLENlyQXOMnoUS
2930,Y3QmrnoxcP5Otq01
2931,4Tlc37zAYWJFPKvs
2932,mEWDltYMnOJRdio0
2933,26X9GEOZtcxY8ifl
2934,tarXKh9NpUQVEBwx
2935,CVB9FUoTlaghXfAK
2936,Ngi7sFnveOUzPx9u
2937,toiz05csUewdkalV
2938,zfOPHLxc05DoYk2F
2939,oamY8HeG5pxVLO2g
2940,rHWpVq8J9hZEQuc1
2941,RgI6ufLpvTmiO3AH
2942,Y3VMEdQO51Xhp8zn
2943,hk8PWNeI4lpROAfM
2944,qMAN5FbLPlvfWX6g
2945,mG51ZzQPeElToSIb
2946,LGTVC3qAxdXF7ZB1
2947,WwE2bocU3Nv1ZpsB
2948,TtDJHjw7dzCqLVuv
2949,YyaSDUiJrTzsZ6QL
2950,Ap5gS32wkYqKeJEo
2951,W4QvnxBTEabhfRNJ
2952,RmFqljndNOyUkI2P
2953,t39RwkgWJ7iMBaIv
2954,DO1B2RqNIMePmsUn
2955,gXcnRBjuW2wr7qLf
2956,5HEiqK3r1BbC7JGL
2957,QjTcl6UwzXE7ybYd
2958,v5IU41BThRL8cMpP
2959,4JZPgs906rtfOFNp
2960,EGzvFyxeSrMKHatN
2961,GNFtcSipXejoWgZO
2962,FY1faABLjXTN6ReO
2963,UmORqyJk48EV5QSw
2964,sZuQydJXUImfCRhv
2965,S5BrnYsOXlKvoaDe
2966,7V4X3NA5hLpF8Gs1
2967,1suUdYlMCv9hgBk3
2968,p98w7xoNmDL2IWne
2969,9SiTKrWJu0LlHGPA
2970,6Gu5IMVcs9WC0g7f
2971,GabqzlZBJKs06iw2
2972,C80yW6naY3Jzoqsg
2973,ndI0xX9yiVPKUumt
2974,7tOY8J0eqTVHhI1f
2975,JUzeRwFSKnyIBc2t
2976,N4jrSApZMUycPQvz
2977,puqmL3rSt0gd2Bno
2978,A7v80dLK4mF6ZgPn
2979,mjQbiyZ40xp536Hc
2980,jy85HKzSXBn0ZW4Y
2981,JcMlUG9nvQBFZgXx
2982,YieaA1fJ6FLvupHR
2983,rpe0E5busf6mVA7q
2984,KlLWjwhbD98Q56yA
2985,mFi52Ct308QrDscl
2986,mevzWlraY0tyfCQk
2987,h4IapA5UM8G6Dkm3
2988,uGSO1Bn3Izp8e6Yv
2989,eBIfrpgT2PbF5L8v
2990,uako6xT7SdV9YmGZ
2991,1HkJ2sVcQRWhODSG
2992,Df5oBpq0lbMISrWs
2993,NMjDSJY9AoltsQbd
2994,hLSA78ZiGO4rXuyk
2995,qkCOceunASBUm4JL
2996,RuZY26GF7nUzT1HP
2997,TpQqfhSyd8xkbr1U
2998,fxk7oRjKziL3U9VZ
2999,WerOYXtm06DTQjPa
3000,mlo9YKXyLa2fFz6h
3001,XGwDJzSIdMs7mKo6
3002,M5jmCK3EY2QI0pbR
3003,74VtxAdavbXMc5rw
3004,dIzcBtFPx5f1LmJ3
3005,IYVjL9eEq2z3N6d7
3006,B8KgchdOxJDja3UZ
3007,zHLIREvVPTbcdw2S
3008,KFkQItfzc1l2TUub
3009,a9o6ZTSLV1KYF3tE
3010,ut7mXO0Tvg4Z6zxQ
3011,2n8gYIjysz9cTH4d
3012,Ykat61x3upvGJI47
3013,P86VLup1cJRez7i3
3014,Aqxz3o4FaIPWZNL6
3015,2rPFUYl4S9Jqm6DO
3016,sRQzt4WnhxgirA5X
3017,GdNAp2ubL5qOEtyV
3018,DS6Moc7AVU2PEGzT
3019,zpWkwvUGQn7ZdLis
3020,A1j7gMi6BThxuanV
3021,M6vESYzULawAs0re
3022,3pkrQbJt8f0VBLlC
3023,m5cvjUQqeIdRFu1k
3024,lugWJ7DI9iVsEtYe
3025,btBZSCGiYshuEpQa
3026,4js7aDlR0ndUBIqJ
3027,Abjw1NzmiHtpJVgY
3028,nklL7heVXTsu6RGI
3029,5D9bHKEXstMqaA6V
3030,Kf6DSTUGxywvCIE2
3031,Kn8Jz1XL3CjWmiMF
3032,HPpZVineyEaxtUKv
3033,Nz2FgO3avCYqbucm
3034,EYiB9lG5RrqQzI6W
3035,NhBPia7Wm8ZxupqG
3036,1KE0pDLq6ATuxgwl
3037,mJauYoPN4c2CbOyT
3038,ZLe27lYjPiDhJW1S
3039,pDBHqNmYfcEOIrbA
3040,sgmDIO0UkVjQAedT
3041,I3QV0YNLCg4hAS7O
3042,Bg1IzCviuNpKwo5e
3043,ITZ8PmAyHaj2Rw5f
3044,NWvBEgZf2nuCUsor
3045,zPbliZ2qtw53pFQD
3046,ayO1zb6VnrcYS5ve
3047,L4jthoQTDNBaW1RE
3048,dalZ2XkyJBtb3H5r
3049,tO7fnV8slieuK9S6
3050,N4zAl9o0RdHc2eV3
3051,58c6X0uo7HpWhgFf
3052,s1yTiHuQgYpfq609
3053,uxqcsJATtrDzidGU
3054,Ajt6gUZQ4qnIrTHN
3055,SHyczRB9Xont0hWJ
3056,FsBEeudjWXliQRwg
3057,rdAwiKCk6bJXDS49
3058,UqnuHGzAkKoRCLPt
3059,BkwyhUQO3lSnLrei
3060,njx8RSgw5p2y4iV1
3061,tNUGquMJEXBPdV6l
3062,w0bvkrGu1QqWy2Zt
3063,Azsy3QN9iVZ7W5dt
3064,rQtADcf6YwEb1NI7
3065,iPZdJ7IubMUo0AnN
3066,fUn7HtGoSCAx5iDE
3067,JvHcEy3QRoaMI5TC
3068,ySEsf2rugYm9KnbW
3069,g6NtSiTxFECR43ws
3070,fnEeHIJ7d93kF60Y
3071,Gd8Xv7bHscFOQpEV
3072,0C7ftuTsy8RoOwFG
3073,CbW2fq46utiBDyoM
3074,Ny6qjDA2fYxQSL14
3075,ypnObI09Mrt132HX
3076,gz8jJrQZ70EdpPqW
3077,QpsSoi8c0mA4M6wa
3078,UkBIjWAybrqs0Dgw
3079,Q9XR5eKE8Zqx1JOV
3080,znJxXEhkLAmVDdUS
3081,5EbpV4J6AOYqPkRo
3082,GsPkQNw9he5g1vjY
3083,eCFplvbtI4MVs2nf
3084,q69tzG20JNSjwQUZ
3085,6vi1j7YXSwFAcVyu
3086,rwybiU6xIVAvW1SZ
3087,PfSwy3XM8uBZdbzn
3088,0tUl8hqeGAar7Hz9
3089,RQEWd1KCefThBzbw
3090,j7ZVKEaGxNkuUHYC
3091,cvBjdzw4nNtpgRWh
3092,bxIvZHRorJYCdWBQ
3093,kYVZq5PDMjKHxGbm
3094,Ztl8nGcYa5FdhWV9
3095,JQdb3fGrexCg168T
3096,re0Q9UkFKfDwicxZ
3097,sKM8q2fkxWUuNpQr
3098,83NARCWHphKqxnai
3099,DFbwfn9GZXqd1keB
3100,dCziJTwB3GeXntAO
3101,ucb1CXv9Kx3FgJP6
3102,42TiZKMFL8pkdQW7
3103,wHbWPacVSEqhJBZI
3104,jeYyxR5tSiPCX8Bu
3105,Z7BpdUD0k9nSs5cQ
3106,USbfznex1sjBYKgR
3107,7ykE8xYJiu02nGIM
3108,bXrvwmiAQsR9M2TP
3109,0CNm9csfvnVUtFIx
3110,1fcM68I0NDE5elmS
3111,T3hELaZ08CPFIsow
3112,XniU2Ak5RFjp9yvL
3113,FE3ZR1tChlawLqrO
3114,Du3US2odrXyAFQnc
3115,JL0zx7INjrnba69u
3116,DclvPAVgOi6a1bBH
3117,6NI9UJvlBwHghxMs
3118,6MzmJaoQPHCEx03O
3119,52QN309KpaOLJPzG
3120,NyuzCd68iGp30S2P
3121,a8C7oLE5zUJgVBPe
3122,WSnIZ5gXEh0bptT4
3123,1ABuLEdcUxOWsQSy
3124,yzEg7J4PClrhvsW1
3125,JQ7hLr0cTViqNdRf
3126,0NiT1GIglYqMoJZS
3127,eyqo879EfHPJB1V3
3128,F3kdhbWHfgeaU76p
3129,zWE9tNVGBURD6hT8
3130,A7guFwksd5xIMWoN
3131,BmPEwiCZ64Tjd9ra
3132,tYsTBql7FdreAS6k
3133,lpW453JOqub9fTcU
3134,LXcGJegtm21QZb0k
3135,xDK0VkNeHdfQqsvu
3136,re4UVtSZcNdWYzog
3137,lSWGJQz59CD80g3H
3138,snk1H83fNCd2jeXv
3139,rufzRIMgWc3SCXP9
3140,F6p5RSiVJ2yl1emd
3141,DPyHWRgjouG8tNzX
3142,zDBVohAeETCwGg8N
3143,OhIsYbTJ5rjmqKCd
3144,wQviEX83MbgU0JSC
3145,lbt62IcLueKOS8J3
3146,Gx0Mj4l7eCscfQm1
3147,v8QA5pIzdSikUTJb
3148,AphWvlCob1eNiXR4
3149,C7vNtdA8EFsUwiKf
3150,ayUjMxQdVgWsc5DN
3151,ADdFZELnk8TINBfi
3152,mtSoEZ0WfMxriVGj
3153,JokpwQg0dESKfWYx
3154,43tKfR1oYqrQATxC
3155,hCy2QvjkbmqS1FXc
3156,0n7bSqgToN9pVMBC
3157,VguIJylt6bhSDNrq
3158,JsqrUy089S5Bz3kL
3159,JDV9KvoLhSuIkCp6
3160,JelCgFGStxnj9KHW
3161,AiM9QRSVErGjJNw2
3162,pfue6mJBDNajnwCT
3163,fbutKV9HxYkjQ0d8
3164,yNp8u3PijgtnA6vV
3165,HyhcjJKTIFYaun3Z
3166,iTOa2lNhUFEfkXKz
3167,J0EYwfptubOn5kmC
3168,CJaAgsFjwbKqI7mL
3169,WjY5zXhO4K0umAR2
3170,4YbqIlhjBDJF9das
3171,63ZRPCsmDwGlVKpM
3172,yEObFY9QzwMg16Xf
3173,jrEDZXhLRNTp8aCI
3174,Ymenkgl9rI64Q2Fc
3175,VRQYJ9szhwK7Go2X
3176,78JVIMEmx2RW6niQ
3177,s2BoWQ6ZK1SzbLkN
3178,pvNQitJz9GSn1u5b
3179,pIF1o6Of72aWgeAz
3180,XMBD8Sn617ZK4UHq
3181,7z9uV0aARJYqj6Z5
3182,5k8nMhoQbm3W79Zz
3183,E26QPlksr4mCuDMS
3184,HDepj4r3mxVTczKI
3185,VqsNFphJzo9HjCGr
3186,3DTH4RpkQ1vBNCcd
3187,d0weLPJQA3XM9huO
3188,9tRkVrNTBHc4iWay
3189,m6fIWzD4wMXCFPlJ
3190,N8MxCRVIs0h4HX9r
3191,ruCzDvste5yIqPgh
3192,1ueEbR0UwNyYijmF
3193,Ll52GMSHXzYKoRPx
3194,Gqfluk9ZVRQdrP5Y
3195,WeT4XVREMgbkBCas
3196,ucG4AthvExjKCqmF
3197,hPFC4AlwrLzaQUjV
3198,QncVBG7teCzZRa4k
3199,UjdpKnLt6iOFuJeM
3200,3Io7wBJWTm2ikC9S
3201,ONVwDTi08ZXzn4Ux
3202,NrivnCwPklQ218UK
3203,6nEWFTcP10lCSGhr
3204,WJvdEQxhfVwSRy6l
3205,xEgjzDOBdHtwhZLr
3206,x6FBgzj1XtDiduSc
3207,lnTXNg8es21CKPUW
3208,mdwjgK3kBIHGW9ox
3209,DAr72gZkjyNSwuTO
3210,dpmhqzOVk5eyRINu
3211,9quJeKnhOMprBxPS
3212,CsE1uLbwaNh8pvYO
3213,HL4dgalN15ruPGhD
3214,GOTM8L4oDrdPJle1
3215,vh5DjgLJew1MAT40
3216,bIksxQmHrJyiR5Ml
3217,HafBN526tloYd4XI
3218,yRYtcuhNePOXWETs
3219,vrI6XUO8c3SiH2Ph
3220,H27xcgsIAe1byfZj
3221,MrHPWm6fvRJXNZLn
3222,iHkVqsbCapDEw8Sz
3223,m70FEBhNtePUcSLM
3224,yC6WqDf12dAhEOQc
3225,mEbYi4WhrLt3PABf
3226,RYivWpoJMTLzbAPe
3227,mnWhcE7aSGpdlfbq
3228,90SvnrJcBQdqULDi
3229,i5MVTPhI9Fyx8Ye4
3230,ypOkn1VgAiMFWHPX
3231,VmwfdEFLvKSlnQMR
3232,SeZcvhOr5nPRAG2w
3233,5nOUhC9ipavFbjMf
3234,JuEZHT68AWnwfdpQ
3235,NDJuOjecl6mAdsLH
3236,LeNwxiyW95VspqIf
3237,FLMUmZ18DCK7jnSx
3238,LWIeJw4YR0vZiCnO
3239,t2OaEZKRoIfiHeAG
3240,7iSN4FnutJayl5sr
3241,qw8fx6InsaW5oT9Z
3242,BIXhNdJzKaPH4LwC
3243,vL2OZVWhI8BzHTsn
3244,KyCxf7jhlAaFwqc4
3245,NL30M6hs9GzOa1fF
3246,O0xkXU6qI8S1jtoy
3247,NHgrt5nKeLWAFTSX
3248,kw4V3UPpfAsWrmt9
3249,8womR0A9tiXqvGHp
3250,bkaRYwQvUp56MVy2
3251,Nk1Y9ZPrGJxjEVQv
3252,9PQLYaUhz7sN524G
3253,sI1L02nglKAUk5HJ
3254,ZDqROokYWSmJrIiL
3255,DZT7ylU62nMrOmQC
3256,WbcFx4PZNH1gXKR2
3257,HqdKPBlvQ72fEpI3
3258,UmMa1rSWHAPTx8OK
3259,cveJ3ToKQ1jX8Srb
3260,nC9oQjZ3bD4EuF2A
3261,H5sXeyAriZPL38B9
3262,5MJdkO4ABvqgynSm
3263,woWvDZ0U1duzhGCT
3264,6kc7tX09UFDjyAOL
3265,CE7O2egKMBuI19P5
3266,3raQNqf4jPIvZbFX
3267,UnoeLJQDqXMktF70
3268,9j7A4Kcotaz5YMCJ
3269,30nSYTmkvgxXd7r2
3270,zQAWrKxnT94FO7RS
3271,LybPSUsE1xGTtKqI
3272,bvyUT702l6AxI9zD
3273,faklXMuOLimjqEr5
3274,Veh548GAFzaTE6Of
3275,JiIMf5vbtCasemNr
3276,TZkPDNnVoarEt4hb
3277,kP5JKMmYU4NZnwAd
3278,hzE42vjkp3Jctn8K
3279,qlMac5td0FYhu1pK
3280,YVX0DQdEp4gbUlnu
3281,LonBZA1wx4uef8qv
3282,8V6GmKBCOtXjsHYP
3283,q4D0r6eQsBdM9EmP
3284,PoOkqRzdNpB2vaXI
3285,NHhiFUl512EOXGgQ
3286,qJPB6Oe7tghfCFdl
3287,wpIq38nMjy2WUZD0
3288,mShquAF6vHKQz902
3289,f09YroJXEKGek26x
3290,0vEeGTfKanM2OXzY
3291,tzyM1dWROIxc8hDv
3292,6OpkbFVxGNwRo9YB
3293,SebdP6RIjm7vNyYF
3294,pIUDS8F35vjYuKlP
3295,VaImB0QNdHe7Gn28
3296,ielxSj6f2FBOq14b
3297,DCFvoBRtwW7YTAkK
3298,y6Oplz1FNe9HDRTY
3299,BzYoOjgDJ5asvPe0
3300,GdqU07LjVNMbls5a
3301,ekfsaApV82QHw7MB
3302,sDt0OE3wyapvQjxq
3303,U1ExDZA20s5CMY8g
3304,zLZCvioBFTfH7K32
3305,igoXcN6I54mKWLHq
3306,YCh3qP9Sotlc5LXx
3307,ilrQGI8gBhVnJLpo
3308,j3Um7Z02CWzvykYQ
3309,AQ1U3pZ87YHhBuNW
3310,3e9qyMJ7kroN6LY8
3311,HQz8pUtbNujGixna
3312,F20WVqCQYo8B7PRN
3313,sSbCPaRkzfup2TX1
3314,eR0vbmdjh3sqYSxT
3315,XHpfKMvRF9IYwW6c
3316,bQijYzMNwByv7XKC
3317,FMcgWRUTXNxim8bl
3318,ARPqjdUW9FZh6DGi
3319,RMP7dVsLgQkpw0DG
3320,caFvo4OhNL5Vfu0k
3321,RE91KMSuGX8ePJh5
3322,Oe4JiIXqDQ9CEZSY
3323,BPCrnWfHINDmgKMa
3324,E3JBhelgNRKoqVHO
3325,EA2OaCY7xvepi0bt
3326,giSZGHYb8xITAlOq
3327,El36NDCK98A4pedv
3328,g4hVadzmqYnPsO68
3329,cTbXOp4KuP8qIQtR
3330,Uoi8ew65jDMmyrZQ
